,func_name,time_elapsed(s)
0,"clust_any_ref(2200, top_tfidf, 30) ", 2.950384606
1,"clust_any_ref(2200, top_bow, 30) ", 2.795235742999999
2,"clust_any_ref(2200, w2v_weighted, 30) ", 3.511973536000001
3,"clust_any_ref(2200, w2v_sif, 30) ", 4.038428287
4,"score_sas(2200, top_tfidf, 30) ", 0.0004611729999979275
5,"score_jaccard(2200, top_tfidf, 30) ", 2.2032001190000017
6,"score_sas(2200, top_bow, 30) ", 0.00029107499999980746
7,"score_jaccard(2200, top_bow, 30) ", 1.6520213979999987
8,"score_sas(2200, w2v_weighted, 30) ", 0.0002599389999993207
9,"score_jaccard(2200, w2v_weighted, 30) ", 1.671210992999999
10,"score_sas(2200, w2v_sif, 30) ", 0.00026404500000154485
11,"score_jaccard(2200, w2v_sif, 30) ", 1.6437322220000006
12,"clust_any_ref(2200, top_tfidf, 30) ", 4.1883021320000005
13,"clust_any_ref(2200, top_bow, 30) ", 4.053837905000002
14,"clust_any_ref(2200, w2v_weighted, 30) ", 4.214994627000003
15,"clust_any_ref(2200, w2v_sif, 30) ", 4.246420805
16,"score_sas(2200, top_tfidf, 30) ", 0.0002744570000032809
17,"score_jaccard(2200, top_tfidf, 30) ", 1.6413015159999986
18,"score_sas(2200, top_bow, 30) ", 0.0002659519999994586
19,"score_jaccard(2200, top_bow, 30) ", 1.6353518009999988
20,"score_sas(2200, w2v_weighted, 30) ", 0.00026023700000621375
21,"score_jaccard(2200, w2v_weighted, 30) ", 1.648966440999999
22,"score_sas(2200, w2v_sif, 30) ", 0.00026038500000424847
23,"score_jaccard(2200, w2v_sif, 30) ", 1.641111193999997
24,"clust_any_ref(2200, top_tfidf, 30) ", 3.5881949300000002
25,"clust_any_ref(2200, top_bow, 30) ", 3.6712503729999995
26,"clust_any_ref(2200, w2v_weighted, 30) ", 4.260427835999991
27,"clust_any_ref(2200, w2v_sif, 30) ", 4.2444140249999975
28,"score_sas(2200, top_tfidf, 30) ", 0.0002772330000055945
29,"score_jaccard(2200, top_tfidf, 30) ", 1.6580614420000046
30,"score_sas(2200, top_bow, 30) ", 0.0002685280000065404
31,"score_jaccard(2200, top_bow, 30) ", 1.665199993999991
32,"score_sas(2200, w2v_weighted, 30) ", 0.0002655579999952806
33,"score_jaccard(2200, w2v_weighted, 30) ", 1.6596736730000003
34,"score_sas(2200, w2v_sif, 30) ", 0.00026101100000630595
35,"score_jaccard(2200, w2v_sif, 30) ", 1.6593610669999919
36,"clust_any_ref(2200, top_tfidf, 30) ", 3.9465384150000062
37,"clust_any_ref(2200, top_bow, 30) ", 3.9933884940000013
38,"clust_any_ref(2200, w2v_weighted, 30) ", 4.270876802000004
39,"clust_any_ref(2200, w2v_sif, 30) ", 4.281803294000014
40,"score_sas(2200, top_tfidf, 30) ", 0.0002737089999982345
41,"score_jaccard(2200, top_tfidf, 30) ", 1.6501282810000077
42,"score_sas(2200, top_bow, 30) ", 0.0002624339999925951
43,"score_jaccard(2200, top_bow, 30) ", 1.6532896869999973
44,"score_sas(2200, w2v_weighted, 30) ", 0.00026465700000244397
45,"score_jaccard(2200, w2v_weighted, 30) ", 1.6622259720000017
46,"score_sas(2200, w2v_sif, 30) ", 0.0002614259999944579
47,"score_jaccard(2200, w2v_sif, 30) ", 1.6636349660000036
48,"clust_any_ref(2200, top_tfidf, 30) ", 3.863237567999988
49,"clust_any_ref(2200, top_bow, 30) ", 3.874482384999993
50,"clust_any_ref(2200, w2v_weighted, 30) ", 4.225151518000004
51,"clust_any_ref(2200, w2v_sif, 30) ", 4.2697713710000045
52,"score_sas(2200, top_tfidf, 30) ", 0.0002696869999994078
53,"score_jaccard(2200, top_tfidf, 30) ", 1.658676964999998
54,"score_sas(2200, top_bow, 30) ", 0.0002652929999982234
55,"score_jaccard(2200, top_bow, 30) ", 1.6833402120000045
56,"score_sas(2200, w2v_weighted, 30) ", 0.00026461999999582986
57,"score_jaccard(2200, w2v_weighted, 30) ", 1.6744908200000168
58,"score_sas(2200, w2v_sif, 30) ", 0.0002727279999987786
59,"score_jaccard(2200, w2v_sif, 30) ", 1.6700563140000213
60,"clust_any_ref(2200, top_tfidf, 30) ", 3.292428656000027
61,"clust_any_ref(2200, top_bow, 30) ", 3.5327225050000095
62,"clust_any_ref(2200, w2v_weighted, 30) ", 4.149869061000004
63,"clust_any_ref(2200, w2v_sif, 30) ", 4.2379966809999985
64,"score_sas(2200, top_tfidf, 30) ", 0.0002741389999982857
65,"score_jaccard(2200, top_tfidf, 30) ", 1.6647063080000066
66,"score_sas(2200, top_bow, 30) ", 0.0002619670000001406
67,"score_jaccard(2200, top_bow, 30) ", 1.6393989729999987
68,"score_sas(2200, w2v_weighted, 30) ", 0.00026060600001187595
69,"score_jaccard(2200, w2v_weighted, 30) ", 1.6660018930000149
70,"score_sas(2200, w2v_sif, 30) ", 0.0002659440000059021
71,"score_jaccard(2200, w2v_sif, 30) ", 1.6536896389999924
72,"clust_any_ref(2200, top_tfidf, 30) ", 4.012395197000018
73,"clust_any_ref(2200, top_bow, 30) ", 4.029799058999998
74,"clust_any_ref(2200, w2v_weighted, 30) ", 4.22816838
75,"clust_any_ref(2200, w2v_sif, 30) ", 4.25552240799999
76,"score_sas(2200, top_tfidf, 30) ", 0.00027119800000718897
77,"score_jaccard(2200, top_tfidf, 30) ", 1.6400928799999974
78,"score_sas(2200, top_bow, 30) ", 0.0002666759999954138
79,"score_jaccard(2200, top_bow, 30) ", 1.6561388340000178
80,"score_sas(2200, w2v_weighted, 30) ", 0.00026645299999472627
81,"score_jaccard(2200, w2v_weighted, 30) ", 1.6474581439999838
82,"score_sas(2200, w2v_sif, 30) ", 0.00026412100001493855
83,"score_jaccard(2200, w2v_sif, 30) ", 1.6586474119999934
84,"clust_any_ref(2200, top_tfidf, 30) ", 4.026883603000016
85,"clust_any_ref(2200, top_bow, 30) ", 4.009331623999998
86,"clust_any_ref(2200, w2v_weighted, 30) ", 4.310292768000011
87,"clust_any_ref(2200, w2v_sif, 30) ", 4.258201385999996
88,"score_sas(2200, top_tfidf, 30) ", 0.00027080399999590554
89,"score_jaccard(2200, top_tfidf, 30) ", 1.6452263390000041
90,"score_sas(2200, top_bow, 30) ", 0.00028648700001099314
91,"score_jaccard(2200, top_bow, 30) ", 1.6569711039999788
92,"score_sas(2200, w2v_weighted, 30) ", 0.0002618210000093768
93,"score_jaccard(2200, w2v_weighted, 30) ", 1.6554214930000057
94,"score_sas(2200, w2v_sif, 30) ", 0.00026324199998839504
95,"score_jaccard(2200, w2v_sif, 30) ", 1.661632677
96,"clust_any_ref(2200, top_tfidf, 30) ", 3.9762458390000006
97,"clust_any_ref(2200, top_bow, 30) ", 4.031582853999993
98,"clust_any_ref(2200, w2v_weighted, 30) ", 4.236227272999997
99,"clust_any_ref(2200, w2v_sif, 30) ", 4.2635575460000155
100,"score_sas(2200, top_tfidf, 30) ", 0.0002707100000236551
101,"score_jaccard(2200, top_tfidf, 30) ", 1.6607042250000177
102,"score_sas(2200, top_bow, 30) ", 0.0002646300000037627
103,"score_jaccard(2200, top_bow, 30) ", 1.6544402030000072
104,"score_sas(2200, w2v_weighted, 30) ", 0.00026423200000635916
105,"score_jaccard(2200, w2v_weighted, 30) ", 1.6720717130000082
106,"score_sas(2200, w2v_sif, 30) ", 0.00026782299997307746
107,"score_jaccard(2200, w2v_sif, 30) ", 1.6430226580000067
108,"clust_any_ref(2200, top_tfidf, 30) ", 3.7569920309999816
109,"clust_any_ref(2200, top_bow, 30) ", 3.8367223070000023
110,"clust_any_ref(2200, w2v_weighted, 30) ", 4.281011252000013
111,"clust_any_ref(2200, w2v_sif, 30) ", 4.201096264
112,"score_sas(2200, top_tfidf, 30) ", 0.00026926200001753386
113,"score_jaccard(2200, top_tfidf, 30) ", 1.6744136450000155
114,"score_sas(2200, top_bow, 30) ", 0.000265906999999288
115,"score_jaccard(2200, top_bow, 30) ", 1.6524324289999868
116,"score_sas(2200, w2v_weighted, 30) ", 0.0002626399999883233
117,"score_jaccard(2200, w2v_weighted, 30) ", 1.6445212209999909
118,"score_sas(2200, w2v_sif, 30) ", 0.0002644909999958145
119,"score_jaccard(2200, w2v_sif, 30) ", 1.6742273620000105
120,"clust_any_ref(2200, top_tfidf, 30) ", 3.7465049090000093
121,"clust_any_ref(2200, top_bow, 30) ", 3.8072501110000303
122,"clust_any_ref(2200, w2v_weighted, 30) ", 4.250559908000014
123,"clust_any_ref(2200, w2v_sif, 30) ", 4.223032339000042
124,"score_sas(2200, top_tfidf, 30) ", 0.0002683510000451861
125,"score_jaccard(2200, top_tfidf, 30) ", 1.6525563159999592
126,"score_sas(2200, top_bow, 30) ", 0.00026489999999057545
127,"score_jaccard(2200, top_bow, 30) ", 1.66619581599997
128,"score_sas(2200, w2v_weighted, 30) ", 0.0002733130000365236
129,"score_jaccard(2200, w2v_weighted, 30) ", 1.663291256999969
130,"score_sas(2200, w2v_sif, 30) ", 0.00026721799997631024
131,"score_jaccard(2200, w2v_sif, 30) ", 1.6558399820000318
132,"clust_any_ref(2200, top_tfidf, 30) ", 3.937949622000019
133,"clust_any_ref(2200, top_bow, 30) ", 4.1785664760000145
134,"clust_any_ref(2200, w2v_weighted, 30) ", 4.20368592899996
135,"clust_any_ref(2200, w2v_sif, 30) ", 4.248854196000025
136,"score_sas(2200, top_tfidf, 30) ", 0.000268395999967197
137,"score_jaccard(2200, top_tfidf, 30) ", 1.638849719999996
138,"score_sas(2200, top_bow, 30) ", 0.0002622160000100848
139,"score_jaccard(2200, top_bow, 30) ", 1.6809577399999966
140,"score_sas(2200, w2v_weighted, 30) ", 0.00026665499996170183
141,"score_jaccard(2200, w2v_weighted, 30) ", 1.6652400059999763
142,"score_sas(2200, w2v_sif, 30) ", 0.00027927999997245934
143,"score_jaccard(2200, w2v_sif, 30) ", 1.6795570429999884
144,"clust_any_ref(2200, top_tfidf, 30) ", 4.146906981999962
145,"clust_any_ref(2200, top_bow, 30) ", 4.591914338000038
146,"clust_any_ref(2200, w2v_weighted, 30) ", 4.283444075000034
147,"clust_any_ref(2200, w2v_sif, 30) ", 4.216376374999982
148,"score_sas(2200, top_tfidf, 30) ", 0.0002755119999733324
149,"score_jaccard(2200, top_tfidf, 30) ", 1.6576947930000188
150,"score_sas(2200, top_bow, 30) ", 0.0002680080000345697
151,"score_jaccard(2200, top_bow, 30) ", 1.6698576839999646
152,"score_sas(2200, w2v_weighted, 30) ", 0.0002663230000052863
153,"score_jaccard(2200, w2v_weighted, 30) ", 1.664021116000015
154,"score_sas(2200, w2v_sif, 30) ", 0.00027460299997983384
155,"score_jaccard(2200, w2v_sif, 30) ", 1.668878712000037
156,"clust_any_ref(2200, top_tfidf, 30) ", 3.9804854299999874
157,"clust_any_ref(2200, top_bow, 30) ", 4.072837082000035
158,"clust_any_ref(2200, w2v_weighted, 30) ", 4.225882059000014
159,"clust_any_ref(2200, w2v_sif, 30) ", 4.239263594000022
160,"score_sas(2200, top_tfidf, 30) ", 0.0002713229999926625
161,"score_jaccard(2200, top_tfidf, 30) ", 1.681770581999956
162,"score_sas(2200, top_bow, 30) ", 0.0002867899999614565
163,"score_jaccard(2200, top_bow, 30) ", 1.6648828669999602
164,"score_sas(2200, w2v_weighted, 30) ", 0.0002692060000413221
165,"score_jaccard(2200, w2v_weighted, 30) ", 1.6799209630000291
166,"score_sas(2200, w2v_sif, 30) ", 0.0002643560000024081
167,"score_jaccard(2200, w2v_sif, 30) ", 1.6826523409999936
168,"clust_any_ref(2200, top_tfidf, 30) ", 4.600218324000025
169,"clust_any_ref(2200, top_bow, 30) ", 4.603585303000045
170,"clust_any_ref(2200, w2v_weighted, 30) ", 4.521584639000025
171,"clust_any_ref(2200, w2v_sif, 30) ", 4.279347131999998
172,"score_sas(2200, top_tfidf, 30) ", 0.00026753700001336256
173,"score_jaccard(2200, top_tfidf, 30) ", 1.664486821999958
174,"score_sas(2200, top_bow, 30) ", 0.00026960899998584864
175,"score_jaccard(2200, top_bow, 30) ", 1.6780479220000188
176,"score_sas(2200, w2v_weighted, 30) ", 0.0002658749999682186
177,"score_jaccard(2200, w2v_weighted, 30) ", 1.6776313590000314
178,"score_sas(2200, w2v_sif, 30) ", 0.0002638009999600399
179,"score_jaccard(2200, w2v_sif, 30) ", 1.723407652999981
180,"clust_any_ref(2200, top_tfidf, 30) ", 4.082805503999964
181,"clust_any_ref(2200, top_bow, 30) ", 4.023562680999987
182,"clust_any_ref(2200, w2v_weighted, 30) ", 4.311861282999985
183,"clust_any_ref(2200, w2v_sif, 30) ", 4.275034922000032
184,"score_sas(2200, top_tfidf, 30) ", 0.0002732780000087587
185,"score_jaccard(2200, top_tfidf, 30) ", 1.6649442560000125
186,"score_sas(2200, top_bow, 30) ", 0.00026620599999205297
187,"score_jaccard(2200, top_bow, 30) ", 1.6447542439999552
188,"score_sas(2200, w2v_weighted, 30) ", 0.0002645989999905396
189,"score_jaccard(2200, w2v_weighted, 30) ", 1.650778192999951
190,"score_sas(2200, w2v_sif, 30) ", 0.0002651660000196898
191,"score_jaccard(2200, w2v_sif, 30) ", 1.6615719189999822
192,"clust_any_ref(2200, top_tfidf, 30) ", 4.059595903999991
193,"clust_any_ref(2200, top_bow, 30) ", 4.044780730000014
194,"clust_any_ref(2200, w2v_weighted, 30) ", 4.26856832499999
195,"clust_any_ref(2200, w2v_sif, 30) ", 4.276409642999965
196,"score_sas(2200, top_tfidf, 30) ", 0.0002680439999949158
197,"score_jaccard(2200, top_tfidf, 30) ", 1.6588773850000393
198,"score_sas(2200, top_bow, 30) ", 0.00027199400000199603
199,"score_jaccard(2200, top_bow, 30) ", 1.6671976760000007
200,"score_sas(2200, w2v_weighted, 30) ", 0.00026524800000515825
201,"score_jaccard(2200, w2v_weighted, 30) ", 1.64775334899997
202,"score_sas(2200, w2v_sif, 30) ", 0.00026201399998626584
203,"score_jaccard(2200, w2v_sif, 30) ", 1.6531368340000085
204,"clust_any_ref(2200, top_tfidf, 30) ", 4.036241558000029
205,"clust_any_ref(2200, top_bow, 30) ", 4.616118195000013
206,"clust_any_ref(2200, w2v_weighted, 30) ", 4.289065558999994
207,"clust_any_ref(2200, w2v_sif, 30) ", 4.2773503640000285
208,"score_sas(2200, top_tfidf, 30) ", 0.0002718119999940427
209,"score_jaccard(2200, top_tfidf, 30) ", 1.66054049600001
210,"score_sas(2200, top_bow, 30) ", 0.00026503500004082525
211,"score_jaccard(2200, top_bow, 30) ", 1.6478938139999855
212,"score_sas(2200, w2v_weighted, 30) ", 0.0002661739999894053
213,"score_jaccard(2200, w2v_weighted, 30) ", 1.6675025029999802
214,"score_sas(2200, w2v_sif, 30) ", 0.0002781430000027285
215,"score_jaccard(2200, w2v_sif, 30) ", 1.6572928589999947
216,"clust_any_ref(2200, top_tfidf, 30) ", 4.254107590999979
217,"clust_any_ref(2200, top_bow, 30) ", 4.329621331999988
218,"clust_any_ref(2200, w2v_weighted, 30) ", 4.3729719070000215
219,"clust_any_ref(2200, w2v_sif, 30) ", 4.282950688999961
220,"score_sas(2200, top_tfidf, 30) ", 0.0002684269999804201
221,"score_jaccard(2200, top_tfidf, 30) ", 1.6650546340000005
222,"score_sas(2200, top_bow, 30) ", 0.0002685119999910057
223,"score_jaccard(2200, top_bow, 30) ", 1.6628451899999845
224,"score_sas(2200, w2v_weighted, 30) ", 0.00026918499997918843
225,"score_jaccard(2200, w2v_weighted, 30) ", 1.657193554999992
226,"score_sas(2200, w2v_sif, 30) ", 0.00026679100000137623
227,"score_jaccard(2200, w2v_sif, 30) ", 1.6710863040000277
228,"clust_any_ref(2200, top_tfidf, 30) ", 4.063555959999974
229,"clust_any_ref(2200, top_bow, 30) ", 4.011079827000003
230,"clust_any_ref(2200, w2v_weighted, 30) ", 4.350274280000008
231,"clust_any_ref(2200, w2v_sif, 30) ", 4.241836020999983
232,"score_sas(2200, top_tfidf, 30) ", 0.0002737730000035299
233,"score_jaccard(2200, top_tfidf, 30) ", 1.6828509590000067
234,"score_sas(2200, top_bow, 30) ", 0.0002802760000122362
235,"score_jaccard(2200, top_bow, 30) ", 1.6850239090000514
236,"score_sas(2200, w2v_weighted, 30) ", 0.00026709399992341787
237,"score_jaccard(2200, w2v_weighted, 30) ", 1.6925362529999575
238,"score_sas(2200, w2v_sif, 30) ", 0.0002668350000476494
239,"score_jaccard(2200, w2v_sif, 30) ", 1.693653132999998
240,"clust_any_ref(2200, top_tfidf, 30) ", 4.052517520000038
241,"clust_any_ref(2200, top_bow, 30) ", 4.0416882920000035
242,"clust_any_ref(2200, w2v_weighted, 30) ", 4.424788629999966
243,"clust_any_ref(2200, w2v_sif, 30) ", 4.249751620999973
244,"score_sas(2200, top_tfidf, 30) ", 0.0002705519999608441
245,"score_jaccard(2200, top_tfidf, 30) ", 1.6530256889999464
246,"score_sas(2200, top_bow, 30) ", 0.0002661460000581428
247,"score_jaccard(2200, top_bow, 30) ", 1.6540987850000874
248,"score_sas(2200, w2v_weighted, 30) ", 0.00026212499994926475
249,"score_jaccard(2200, w2v_weighted, 30) ", 1.7362050719999615
250,"score_sas(2200, w2v_sif, 30) ", 0.000265166999952271
251,"score_jaccard(2200, w2v_sif, 30) ", 1.7658826450000333
252,"clust_any_ref(2200, top_tfidf, 30) ", 3.936236788999963
253,"clust_any_ref(2200, top_bow, 30) ", 4.1030337869999585
254,"clust_any_ref(2200, w2v_weighted, 30) ", 4.265674929000056
255,"clust_any_ref(2200, w2v_sif, 30) ", 4.223993298999972
256,"score_sas(2200, top_tfidf, 30) ", 0.0002825679999887143
257,"score_jaccard(2200, top_tfidf, 30) ", 1.6675055839999686
258,"score_sas(2200, top_bow, 30) ", 0.0002652250000210188
259,"score_jaccard(2200, top_bow, 30) ", 1.658461772999999
260,"score_sas(2200, w2v_weighted, 30) ", 0.0002636159999838128
261,"score_jaccard(2200, w2v_weighted, 30) ", 1.6782975759999772
262,"score_sas(2200, w2v_sif, 30) ", 0.0002655360000289875
263,"score_jaccard(2200, w2v_sif, 30) ", 1.6435739290000129
264,"clust_any_ref(2200, top_tfidf, 30) ", 4.016695735999974
265,"clust_any_ref(2200, top_bow, 30) ", 4.027870673999928
266,"clust_any_ref(2200, w2v_weighted, 30) ", 4.2484203300000445
267,"clust_any_ref(2200, w2v_sif, 30) ", 4.234727351999936
268,"score_sas(2200, top_tfidf, 30) ", 0.0002688440000611081
269,"score_jaccard(2200, top_tfidf, 30) ", 1.673918515999958
270,"score_sas(2200, top_bow, 30) ", 0.0002680479999526142
271,"score_jaccard(2200, top_bow, 30) ", 1.6503633040000523
272,"score_sas(2200, w2v_weighted, 30) ", 0.00028228900009708013
273,"score_jaccard(2200, w2v_weighted, 30) ", 1.6765034579999565
274,"score_sas(2200, w2v_sif, 30) ", 0.00026451400003679737
275,"score_jaccard(2200, w2v_sif, 30) ", 1.666938203000086
276,"clust_any_ref(2200, top_tfidf, 30) ", 2.43966349599998
277,"clust_any_ref(2200, top_bow, 30) ", 3.9524417710000534
278,"clust_any_ref(2200, w2v_weighted, 30) ", 4.194834011000012
279,"clust_any_ref(2200, w2v_sif, 30) ", 4.24701035999999
280,"score_sas(2200, top_tfidf, 30) ", 0.0002670920000582555
281,"score_jaccard(2200, top_tfidf, 30) ", 1.6676695209999934
282,"score_sas(2200, top_bow, 30) ", 0.000261643000044387
283,"score_jaccard(2200, top_bow, 30) ", 1.6813915110000153
284,"score_sas(2200, w2v_weighted, 30) ", 0.0002634570000736858
285,"score_jaccard(2200, w2v_weighted, 30) ", 1.6955320970000685
286,"score_sas(2200, w2v_sif, 30) ", 0.00026348699998379743
287,"score_jaccard(2200, w2v_sif, 30) ", 1.6727007739999635
288,"clust_any_ref(2200, top_tfidf, 30) ", 4.008202002999951
289,"clust_any_ref(2200, top_bow, 30) ", 3.793572409000035
290,"clust_any_ref(2200, w2v_weighted, 30) ", 4.207337042999939
291,"clust_any_ref(2200, w2v_sif, 30) ", 4.233418592000021
292,"score_sas(2200, top_tfidf, 30) ", 0.0002700820000427484
293,"score_jaccard(2200, top_tfidf, 30) ", 1.639582963999942
294,"score_sas(2200, top_bow, 30) ", 0.0002677359999552209
295,"score_jaccard(2200, top_bow, 30) ", 1.651941813999997
296,"score_sas(2200, w2v_weighted, 30) ", 0.00026374799995210196
297,"score_jaccard(2200, w2v_weighted, 30) ", 1.6565978480000467
298,"score_sas(2200, w2v_sif, 30) ", 0.000266634000013255
299,"score_jaccard(2200, w2v_sif, 30) ", 1.6824866890000294
300,"clust_any_ref(2200, top_tfidf, 30) ", 4.023275973000068
301,"clust_any_ref(2200, top_bow, 30) ", 4.068469440000058
302,"clust_any_ref(2200, w2v_weighted, 30) ", 4.167097713999965
303,"clust_any_ref(2200, w2v_sif, 30) ", 4.259569059
304,"score_sas(2200, top_tfidf, 30) ", 0.0002775340000198412
305,"score_jaccard(2200, top_tfidf, 30) ", 1.634977905000028
306,"score_sas(2200, top_bow, 30) ", 0.0002644329999839101
307,"score_jaccard(2200, top_bow, 30) ", 1.6592677830000184
308,"score_sas(2200, w2v_weighted, 30) ", 0.00026418800007377286
309,"score_jaccard(2200, w2v_weighted, 30) ", 1.6679102150000062
310,"score_sas(2200, w2v_sif, 30) ", 0.0002780799999300143
311,"score_jaccard(2200, w2v_sif, 30) ", 1.6561648099999502
312,"clust_any_ref(2200, top_tfidf, 30) ", 4.012381744999971
313,"clust_any_ref(2200, top_bow, 30) ", 4.059726634999947
314,"clust_any_ref(2200, w2v_weighted, 30) ", 4.193307707000031
315,"clust_any_ref(2200, w2v_sif, 30) ", 4.299790088999998
316,"score_sas(2200, top_tfidf, 30) ", 0.00027154600002177176
317,"score_jaccard(2200, top_tfidf, 30) ", 1.6696197119999852
318,"score_sas(2200, top_bow, 30) ", 0.00026571199998670636
319,"score_jaccard(2200, top_bow, 30) ", 1.6515409149999414
320,"score_sas(2200, w2v_weighted, 30) ", 0.0002666499999577354
321,"score_jaccard(2200, w2v_weighted, 30) ", 1.6868112139999312
322,"score_sas(2200, w2v_sif, 30) ", 0.00026571000000785716
323,"score_jaccard(2200, w2v_sif, 30) ", 1.672097266000037
324,"clust_any_ref(2200, top_tfidf, 30) ", 4.007480937999958
325,"clust_any_ref(2200, top_bow, 30) ", 4.000343469999962
326,"clust_any_ref(2200, w2v_weighted, 30) ", 4.2101313660000415
327,"clust_any_ref(2200, w2v_sif, 30) ", 4.15100801799997
328,"score_sas(2200, top_tfidf, 30) ", 0.0002696689999766022
329,"score_jaccard(2200, top_tfidf, 30) ", 1.6887202399999524
330,"score_sas(2200, top_bow, 30) ", 0.0002651249999416905
331,"score_jaccard(2200, top_bow, 30) ", 1.6892981249999366
332,"score_sas(2200, w2v_weighted, 30) ", 0.0002616140000100131
333,"score_jaccard(2200, w2v_weighted, 30) ", 1.6843096750000086
334,"score_sas(2200, w2v_sif, 30) ", 0.0002687259999447633
335,"score_jaccard(2200, w2v_sif, 30) ", 1.6689607209999622
336,"clust_any_ref(2200, top_tfidf, 30) ", 4.027174145000004
337,"clust_any_ref(2200, top_bow, 30) ", 4.056276450999917
338,"clust_any_ref(2200, w2v_weighted, 30) ", 4.241777236999951
339,"clust_any_ref(2200, w2v_sif, 30) ", 4.206367374000024
340,"score_sas(2200, top_tfidf, 30) ", 0.00027457299995603535
341,"score_jaccard(2200, top_tfidf, 30) ", 1.6447182949999615
342,"score_sas(2200, top_bow, 30) ", 0.00026597500004754693
343,"score_jaccard(2200, top_bow, 30) ", 1.6539765899999566
344,"score_sas(2200, w2v_weighted, 30) ", 0.000266366999994716
345,"score_jaccard(2200, w2v_weighted, 30) ", 1.663243884999929
346,"score_sas(2200, w2v_sif, 30) ", 0.00026507000006859016
347,"score_jaccard(2200, w2v_sif, 30) ", 1.6492742249999992
348,"clust_any_ref(2200, top_tfidf, 30) ", 3.909463128000084
349,"clust_any_ref(2200, top_bow, 30) ", 4.042741661000036
350,"clust_any_ref(2200, w2v_weighted, 30) ", 4.258977649999906
351,"clust_any_ref(2200, w2v_sif, 30) ", 4.212872607999998
352,"score_sas(2200, top_tfidf, 30) ", 0.00027833100000407285
353,"score_jaccard(2200, top_tfidf, 30) ", 1.6567798329999732
354,"score_sas(2200, top_bow, 30) ", 0.0002632180001000961
355,"score_jaccard(2200, top_bow, 30) ", 1.6575618890000214
356,"score_sas(2200, w2v_weighted, 30) ", 0.0002672960000609237
357,"score_jaccard(2200, w2v_weighted, 30) ", 1.6414600260000043
358,"score_sas(2200, w2v_sif, 30) ", 0.0002630120000048919
359,"score_jaccard(2200, w2v_sif, 30) ", 1.63937226500002
360,"clust_any_ref(2200, top_tfidf, 30) ", 3.9379764650000197
361,"clust_any_ref(2200, top_bow, 30) ", 3.9923338620000095
362,"clust_any_ref(2200, w2v_weighted, 30) ", 4.255063097999937
363,"clust_any_ref(2200, w2v_sif, 30) ", 4.358887522000032
364,"score_sas(2200, top_tfidf, 30) ", 0.0002713919999450809
365,"score_jaccard(2200, top_tfidf, 30) ", 1.6589412089999769
366,"score_sas(2200, top_bow, 30) ", 0.0002689739999368612
367,"score_jaccard(2200, top_bow, 30) ", 1.6612381370000548
368,"score_sas(2200, w2v_weighted, 30) ", 0.0003118880000556601
369,"score_jaccard(2200, w2v_weighted, 30) ", 1.6551748800000041
370,"score_sas(2200, w2v_sif, 30) ", 0.0002633190000551622
371,"score_jaccard(2200, w2v_sif, 30) ", 1.657735425999931
372,"clust_any_ref(2200, top_tfidf, 30) ", 4.093425505000027
373,"clust_any_ref(2200, top_bow, 30) ", 3.9670684300000403
374,"clust_any_ref(2200, w2v_weighted, 30) ", 4.326267446999964
375,"clust_any_ref(2200, w2v_sif, 30) ", 4.233440696000002
376,"score_sas(2200, top_tfidf, 30) ", 0.0002740699999321805
377,"score_jaccard(2200, top_tfidf, 30) ", 1.647166535999986
378,"score_sas(2200, top_bow, 30) ", 0.00027783200005160325
379,"score_jaccard(2200, top_bow, 30) ", 1.6633142120000457
380,"score_sas(2200, w2v_weighted, 30) ", 0.00026419899995744345
381,"score_jaccard(2200, w2v_weighted, 30) ", 1.6582072219999873
382,"score_sas(2200, w2v_sif, 30) ", 0.00026427499994952086
383,"score_jaccard(2200, w2v_sif, 30) ", 1.6654624640000293
384,"clust_any_ref(2200, top_tfidf, 30) ", 3.9246902379999256
385,"clust_any_ref(2200, top_bow, 30) ", 3.8685721509999667
386,"clust_any_ref(2200, w2v_weighted, 30) ", 4.250453784000001
387,"clust_any_ref(2200, w2v_sif, 30) ", 4.262384202999897
388,"score_sas(2200, top_tfidf, 30) ", 0.00027227700002185884
389,"score_jaccard(2200, top_tfidf, 30) ", 1.650625542000057
390,"score_sas(2200, top_bow, 30) ", 0.0002684709999130064
391,"score_jaccard(2200, top_bow, 30) ", 1.6547833810000157
392,"score_sas(2200, w2v_weighted, 30) ", 0.0002646789999971588
393,"score_jaccard(2200, w2v_weighted, 30) ", 1.6334614679999504
394,"score_sas(2200, w2v_sif, 30) ", 0.0002658260000316659
395,"score_jaccard(2200, w2v_sif, 30) ", 1.6545647059999737
396,"clust_any_ref(2200, top_tfidf, 30) ", 3.917832874000055
397,"clust_any_ref(2200, top_bow, 30) ", 4.601872737000008
398,"clust_any_ref(2200, w2v_weighted, 30) ", 4.231375263000018
399,"clust_any_ref(2200, w2v_sif, 30) ", 4.192565578999961
400,"score_sas(2200, top_tfidf, 30) ", 0.00026883700002144906
401,"score_jaccard(2200, top_tfidf, 30) ", 1.6430143399999224
402,"score_sas(2200, top_bow, 30) ", 0.00026868600002671883
403,"score_jaccard(2200, top_bow, 30) ", 1.6620655000000397
404,"score_sas(2200, w2v_weighted, 30) ", 0.0002624950000154058
405,"score_jaccard(2200, w2v_weighted, 30) ", 1.656284540999991
406,"score_sas(2200, w2v_sif, 30) ", 0.00026205699998627097
407,"score_jaccard(2200, w2v_sif, 30) ", 1.6605358289999685
408,"clust_any_ref(2200, top_tfidf, 30) ", 4.031867388000023
409,"clust_any_ref(2200, top_bow, 30) ", 3.9924425010000277
410,"clust_any_ref(2200, w2v_weighted, 30) ", 4.24575499599996
411,"clust_any_ref(2200, w2v_sif, 30) ", 4.138134427000068
412,"score_sas(2200, top_tfidf, 30) ", 0.000273181000011391
413,"score_jaccard(2200, top_tfidf, 30) ", 1.64220189699995
414,"score_sas(2200, top_bow, 30) ", 0.00026683299995511334
415,"score_jaccard(2200, top_bow, 30) ", 1.6628327270000227
416,"score_sas(2200, w2v_weighted, 30) ", 0.00027696299991930573
417,"score_jaccard(2200, w2v_weighted, 30) ", 1.6765343570000368
418,"score_sas(2200, w2v_sif, 30) ", 0.00026391799997327325
419,"score_jaccard(2200, w2v_sif, 30) ", 1.6622865100000581
420,"clust_any_ref(2200, top_tfidf, 30) ", 3.9904022790000226
421,"clust_any_ref(2200, top_bow, 30) ", 3.979502975999935
422,"clust_any_ref(2200, w2v_weighted, 30) ", 4.229006123999966
423,"clust_any_ref(2200, w2v_sif, 30) ", 4.389201750999973
424,"score_sas(2200, top_tfidf, 30) ", 0.0002707500000269647
425,"score_jaccard(2200, top_tfidf, 30) ", 1.6557952179999802
426,"score_sas(2200, top_bow, 30) ", 0.0002666479999788862
427,"score_jaccard(2200, top_bow, 30) ", 1.6516707309999674
428,"score_sas(2200, w2v_weighted, 30) ", 0.00026271100000485603
429,"score_jaccard(2200, w2v_weighted, 30) ", 1.649254166999981
430,"score_sas(2200, w2v_sif, 30) ", 0.00026651899997887085
431,"score_jaccard(2200, w2v_sif, 30) ", 1.647052613000028
432,"clust_any_ref(2200, top_tfidf, 30) ", 4.596823902999972
433,"clust_any_ref(2200, top_bow, 30) ", 4.008341642999994
434,"clust_any_ref(2200, w2v_weighted, 30) ", 4.261932545000036
435,"clust_any_ref(2200, w2v_sif, 30) ", 4.157805487000019
436,"score_sas(2200, top_tfidf, 30) ", 0.0002709510000613591
437,"score_jaccard(2200, top_tfidf, 30) ", 1.6661385029999565
438,"score_sas(2200, top_bow, 30) ", 0.000274718000014218
439,"score_jaccard(2200, top_bow, 30) ", 1.6547215099999448
440,"score_sas(2200, w2v_weighted, 30) ", 0.0002641700000367564
441,"score_jaccard(2200, w2v_weighted, 30) ", 1.6639704739999388
442,"score_sas(2200, w2v_sif, 30) ", 0.0002645479999046074
443,"score_jaccard(2200, w2v_sif, 30) ", 1.688680960000056
444,"clust_any_ref(2200, top_tfidf, 30) ", 3.979122296000014
445,"clust_any_ref(2200, top_bow, 30) ", 4.030151112999988
446,"clust_any_ref(2200, w2v_weighted, 30) ", 4.239561635999962
447,"clust_any_ref(2200, w2v_sif, 30) ", 4.242536438999991
448,"score_sas(2200, top_tfidf, 30) ", 0.0002694150000479567
449,"score_jaccard(2200, top_tfidf, 30) ", 1.6614774299999908
450,"score_sas(2200, top_bow, 30) ", 0.0002682299999605675
451,"score_jaccard(2200, top_bow, 30) ", 1.6722780050000665
452,"score_sas(2200, w2v_weighted, 30) ", 0.00026211800002329255
453,"score_jaccard(2200, w2v_weighted, 30) ", 1.6795736159999706
454,"score_sas(2200, w2v_sif, 30) ", 0.0002633709999599887
455,"score_jaccard(2200, w2v_sif, 30) ", 1.678155912999955
456,"clust_any_ref(2200, top_tfidf, 30) ", 3.999381363999987
457,"clust_any_ref(2200, top_bow, 30) ", 3.9710694520000516
458,"clust_any_ref(2200, w2v_weighted, 30) ", 4.246254087000011
459,"clust_any_ref(2200, w2v_sif, 30) ", 4.2128218109999125
460,"score_sas(2200, top_tfidf, 30) ", 0.00027023799998460163
461,"score_jaccard(2200, top_tfidf, 30) ", 1.66910205399995
462,"score_sas(2200, top_bow, 30) ", 0.000265861999992012
463,"score_jaccard(2200, top_bow, 30) ", 1.6702210960000912
464,"score_sas(2200, w2v_weighted, 30) ", 0.00026250300004448945
465,"score_jaccard(2200, w2v_weighted, 30) ", 1.6546871460000148
466,"score_sas(2200, w2v_sif, 30) ", 0.0002665950000846351
467,"score_jaccard(2200, w2v_sif, 30) ", 1.6705902599999263
468,"clust_any_ref(2200, top_tfidf, 30) ", 4.0773223449999705
469,"clust_any_ref(2200, top_bow, 30) ", 3.955989950000003
470,"clust_any_ref(2200, w2v_weighted, 30) ", 4.236772131000066
471,"clust_any_ref(2200, w2v_sif, 30) ", 4.272251302000086
472,"score_sas(2200, top_tfidf, 30) ", 0.00028300899998612294
473,"score_jaccard(2200, top_tfidf, 30) ", 1.6632530609999776
474,"score_sas(2200, top_bow, 30) ", 0.00026321899986214703
475,"score_jaccard(2200, top_bow, 30) ", 1.657603637000193
476,"score_sas(2200, w2v_weighted, 30) ", 0.00028001300006508245
477,"score_jaccard(2200, w2v_weighted, 30) ", 1.6653168780001124
478,"score_sas(2200, w2v_sif, 30) ", 0.000262901000041893
479,"score_jaccard(2200, w2v_sif, 30) ", 1.6563735939998878
480,"clust_any_ref(2200, top_tfidf, 30) ", 4.022036524999976
481,"clust_any_ref(2200, top_bow, 30) ", 3.9979153249998944
482,"clust_any_ref(2200, w2v_weighted, 30) ", 4.4672783850001
483,"clust_any_ref(2200, w2v_sif, 30) ", 4.247751107000113
484,"score_sas(2200, top_tfidf, 30) ", 0.0002710750000005646
485,"score_jaccard(2200, top_tfidf, 30) ", 1.7101510959998905
486,"score_sas(2200, top_bow, 30) ", 0.000266985000052955
487,"score_jaccard(2200, top_bow, 30) ", 1.6509139909999249
488,"score_sas(2200, w2v_weighted, 30) ", 0.00026291600011063565
489,"score_jaccard(2200, w2v_weighted, 30) ", 1.681039716000214
490,"score_sas(2200, w2v_sif, 30) ", 0.0002652109999417007
491,"score_jaccard(2200, w2v_sif, 30) ", 1.6794034080000984
492,"clust_any_ref(2200, top_tfidf, 30) ", 4.066401781999957
493,"clust_any_ref(2200, top_bow, 30) ", 4.069281998999941
494,"clust_any_ref(2200, w2v_weighted, 30) ", 4.261102472000175
495,"clust_any_ref(2200, w2v_sif, 30) ", 4.225483510000004
496,"score_sas(2200, top_tfidf, 30) ", 0.00031935099991642346
497,"score_jaccard(2200, top_tfidf, 30) ", 1.6687435320000077
498,"score_sas(2200, top_bow, 30) ", 0.0002621429998725944
499,"score_jaccard(2200, top_bow, 30) ", 1.6693144700000175
500,"score_sas(2200, w2v_weighted, 30) ", 0.0002638979999574076
501,"score_jaccard(2200, w2v_weighted, 30) ", 1.6622978539999167
502,"score_sas(2200, w2v_sif, 30) ", 0.0002643160000843636
503,"score_jaccard(2200, w2v_sif, 30) ", 1.6711100810000517
504,"clust_any_ref(2200, top_tfidf, 30) ", 4.193531000999883
505,"clust_any_ref(2200, top_bow, 30) ", 4.023652752999851
506,"clust_any_ref(2200, w2v_weighted, 30) ", 4.214701041999888
507,"clust_any_ref(2200, w2v_sif, 30) ", 4.257004883000036
508,"score_sas(2200, top_tfidf, 30) ", 0.00026890499998444284
509,"score_jaccard(2200, top_tfidf, 30) ", 1.655159048999849
510,"score_sas(2200, top_bow, 30) ", 0.00026674999980969005
511,"score_jaccard(2200, top_bow, 30) ", 1.6464278109999668
512,"score_sas(2200, w2v_weighted, 30) ", 0.0002655970001796959
513,"score_jaccard(2200, w2v_weighted, 30) ", 1.6752914839998994
514,"score_sas(2200, w2v_sif, 30) ", 0.00029300799997145077
515,"score_jaccard(2200, w2v_sif, 30) ", 1.6804101590000755
516,"clust_any_ref(2200, top_tfidf, 30) ", 4.10097067300012
517,"clust_any_ref(2200, top_bow, 30) ", 4.008713587000102
518,"clust_any_ref(2200, w2v_weighted, 30) ", 4.309780194000041
519,"clust_any_ref(2200, w2v_sif, 30) ", 4.192638460999888
520,"score_sas(2200, top_tfidf, 30) ", 0.00027160500007994415
521,"score_jaccard(2200, top_tfidf, 30) ", 1.6667389030001232
522,"score_sas(2200, top_bow, 30) ", 0.00028708700006063737
523,"score_jaccard(2200, top_bow, 30) ", 1.6583778530000473
524,"score_sas(2200, w2v_weighted, 30) ", 0.00026568799989945546
525,"score_jaccard(2200, w2v_weighted, 30) ", 1.6660374299999603
526,"score_sas(2200, w2v_sif, 30) ", 0.0002649360001214518
527,"score_jaccard(2200, w2v_sif, 30) ", 1.66525056699993
528,"clust_any_ref(2200, top_tfidf, 30) ", 3.957865419999962
529,"clust_any_ref(2200, top_bow, 30) ", 4.025925282000117
530,"clust_any_ref(2200, w2v_weighted, 30) ", 4.22565647600004
531,"clust_any_ref(2200, w2v_sif, 30) ", 4.234991833999857
532,"score_sas(2200, top_tfidf, 30) ", 0.00027249499999015825
533,"score_jaccard(2200, top_tfidf, 30) ", 1.6582441240000207
534,"score_sas(2200, top_bow, 30) ", 0.0002654920001532446
535,"score_jaccard(2200, top_bow, 30) ", 1.6588277000000744
536,"score_sas(2200, w2v_weighted, 30) ", 0.0002625679999255226
537,"score_jaccard(2200, w2v_weighted, 30) ", 1.677185451999776
538,"score_sas(2200, w2v_sif, 30) ", 0.0002675400000953232
539,"score_jaccard(2200, w2v_sif, 30) ", 1.6762201429999095
540,"clust_any_ref(2200, top_tfidf, 30) ", 4.044151812999871
541,"clust_any_ref(2200, top_bow, 30) ", 4.01174702000003
542,"clust_any_ref(2200, w2v_weighted, 30) ", 4.250731728000119
543,"clust_any_ref(2200, w2v_sif, 30) ", 4.203790052999921
544,"score_sas(2200, top_tfidf, 30) ", 0.00027316000000610074
545,"score_jaccard(2200, top_tfidf, 30) ", 1.6704173900000114
546,"score_sas(2200, top_bow, 30) ", 0.0002662159999999858
547,"score_jaccard(2200, top_bow, 30) ", 1.6532531169998492
548,"score_sas(2200, w2v_weighted, 30) ", 0.0002693239998734498
549,"score_jaccard(2200, w2v_weighted, 30) ", 1.67601284400007
550,"score_sas(2200, w2v_sif, 30) ", 0.00026374999993095116
551,"score_jaccard(2200, w2v_sif, 30) ", 1.6626620920001187
552,"clust_any_ref(2200, top_tfidf, 30) ", 3.993941065999934
553,"clust_any_ref(2200, top_bow, 30) ", 3.9680533129999276
554,"clust_any_ref(2200, w2v_weighted, 30) ", 4.237906070999998
555,"clust_any_ref(2200, w2v_sif, 30) ", 4.214007428999821
556,"score_sas(2200, top_tfidf, 30) ", 0.000268753000000288
557,"score_jaccard(2200, top_tfidf, 30) ", 1.6830940429999828
558,"score_sas(2200, top_bow, 30) ", 0.0002681119999579096
559,"score_jaccard(2200, top_bow, 30) ", 1.665665097999863
560,"score_sas(2200, w2v_weighted, 30) ", 0.00027663900004881725
561,"score_jaccard(2200, w2v_weighted, 30) ", 1.683122646999891
562,"score_sas(2200, w2v_sif, 30) ", 0.00026872400007960096
563,"score_jaccard(2200, w2v_sif, 30) ", 1.6589640800000325
564,"clust_any_ref(2200, top_tfidf, 30) ", 4.00875001899999
565,"clust_any_ref(2200, top_bow, 30) ", 4.046737619999931
566,"clust_any_ref(2200, w2v_weighted, 30) ", 4.38259674599999
567,"clust_any_ref(2200, w2v_sif, 30) ", 4.216450702999964
568,"score_sas(2200, top_tfidf, 30) ", 0.00026873299998442235
569,"score_jaccard(2200, top_tfidf, 30) ", 1.6737244720000035
570,"score_sas(2200, top_bow, 30) ", 0.00026409699989926594
571,"score_jaccard(2200, top_bow, 30) ", 1.6640483770001993
572,"score_sas(2200, w2v_weighted, 30) ", 0.00026232599998365913
573,"score_jaccard(2200, w2v_weighted, 30) ", 1.6484981610001341
574,"score_sas(2200, w2v_sif, 30) ", 0.000264324999989185
575,"score_jaccard(2200, w2v_sif, 30) ", 1.6614304980000725
576,"clust_any_ref(2200, top_tfidf, 30) ", 4.076480133999894
577,"clust_any_ref(2200, top_bow, 30) ", 3.9912102150001374
578,"clust_any_ref(2200, w2v_weighted, 30) ", 4.239291559000094
579,"clust_any_ref(2200, w2v_sif, 30) ", 4.213737720000154
580,"score_sas(2200, top_tfidf, 30) ", 0.0002740739998898789
581,"score_jaccard(2200, top_tfidf, 30) ", 1.6723083379999935
582,"score_sas(2200, top_bow, 30) ", 0.0002670339999895077
583,"score_jaccard(2200, top_bow, 30) ", 1.6841258150000158
584,"score_sas(2200, w2v_weighted, 30) ", 0.00027101000000584463
585,"score_jaccard(2200, w2v_weighted, 30) ", 1.6667846939999436
586,"score_sas(2200, w2v_sif, 30) ", 0.00026597000010042393
587,"score_jaccard(2200, w2v_sif, 30) ", 1.6434525449999455
588,"clust_any_ref(2200, top_tfidf, 30) ", 4.143545055000004
589,"clust_any_ref(2200, top_bow, 30) ", 4.058388903999912
590,"clust_any_ref(2200, w2v_weighted, 30) ", 4.292716973000097
591,"clust_any_ref(2200, w2v_sif, 30) ", 4.26707839300002
592,"score_sas(2200, top_tfidf, 30) ", 0.0002726479999637377
593,"score_jaccard(2200, top_tfidf, 30) ", 1.668804051000052
594,"score_sas(2200, top_bow, 30) ", 0.0002653860001373687
595,"score_jaccard(2200, top_bow, 30) ", 1.660251580999784
596,"score_sas(2200, w2v_weighted, 30) ", 0.000266328000179783
597,"score_jaccard(2200, w2v_weighted, 30) ", 1.661681961000113
598,"score_sas(2200, w2v_sif, 30) ", 0.0002651120000791707
599,"score_jaccard(2200, w2v_sif, 30) ", 1.664141569000094
600,"clust_any_ref(2200, top_tfidf, 30) ", 4.051565125000025
601,"clust_any_ref(2200, top_bow, 30) ", 4.028516556999875
602,"clust_any_ref(2200, w2v_weighted, 30) ", 4.297205647000055
603,"clust_any_ref(2200, w2v_sif, 30) ", 4.2434510509999654
604,"score_sas(2200, top_tfidf, 30) ", 0.00026746200001070974
605,"score_jaccard(2200, top_tfidf, 30) ", 1.6576643850000892
606,"score_sas(2200, top_bow, 30) ", 0.0002679920000900893
607,"score_jaccard(2200, top_bow, 30) ", 1.6617052889998831
608,"score_sas(2200, w2v_weighted, 30) ", 0.0002658979999523581
609,"score_jaccard(2200, w2v_weighted, 30) ", 1.6731528089999301
610,"score_sas(2200, w2v_sif, 30) ", 0.00026280399993083847
611,"score_jaccard(2200, w2v_sif, 30) ", 1.6609037310001895
612,"clust_any_ref(2200, top_tfidf, 30) ", 4.053480185999888
613,"clust_any_ref(2200, top_bow, 30) ", 4.030208931000061
614,"clust_any_ref(2200, w2v_weighted, 30) ", 4.2646491549999155
615,"clust_any_ref(2200, w2v_sif, 30) ", 4.270889977999786
616,"score_sas(2200, top_tfidf, 30) ", 0.0002705829999740672
617,"score_jaccard(2200, top_tfidf, 30) ", 1.6775185510000483
618,"score_sas(2200, top_bow, 30) ", 0.00026756300007946265
619,"score_jaccard(2200, top_bow, 30) ", 1.6798397689999547
620,"score_sas(2200, w2v_weighted, 30) ", 0.00026672800004234887
621,"score_jaccard(2200, w2v_weighted, 30) ", 1.6729759390000254
622,"score_sas(2200, w2v_sif, 30) ", 0.0002632389998780127
623,"score_jaccard(2200, w2v_sif, 30) ", 1.6749111520000497
624,"clust_any_ref(2200, top_tfidf, 30) ", 3.9969646110000667
625,"clust_any_ref(2200, top_bow, 30) ", 4.079602353999917
626,"clust_any_ref(2200, w2v_weighted, 30) ", 4.357421396000063
627,"clust_any_ref(2200, w2v_sif, 30) ", 4.296120501999894
628,"score_sas(2200, top_tfidf, 30) ", 0.00026862899994739564
629,"score_jaccard(2200, top_tfidf, 30) ", 1.6421257380000043
630,"score_sas(2200, top_bow, 30) ", 0.00026745000013761455
631,"score_jaccard(2200, top_bow, 30) ", 1.647784989999991
632,"score_sas(2200, w2v_weighted, 30) ", 0.00027127400016979664
633,"score_jaccard(2200, w2v_weighted, 30) ", 1.6682552570000553
634,"score_sas(2200, w2v_sif, 30) ", 0.0002624989999731042
635,"score_jaccard(2200, w2v_sif, 30) ", 1.6458917600000404
636,"clust_any_ref(2200, top_tfidf, 30) ", 4.047220152999898
637,"clust_any_ref(2200, top_bow, 30) ", 4.357583946999966
638,"clust_any_ref(2200, w2v_weighted, 30) ", 4.266185321999956
639,"clust_any_ref(2200, w2v_sif, 30) ", 4.2829918949998955
640,"score_sas(2200, top_tfidf, 30) ", 0.0003019440000571194
641,"score_jaccard(2200, top_tfidf, 30) ", 1.647610689999965
642,"score_sas(2200, top_bow, 30) ", 0.00026656499994714977
643,"score_jaccard(2200, top_bow, 30) ", 1.6570250459999443
644,"score_sas(2200, w2v_weighted, 30) ", 0.0002645580000262271
645,"score_jaccard(2200, w2v_weighted, 30) ", 1.6648646259998259
646,"score_sas(2200, w2v_sif, 30) ", 0.00026497199996811105
647,"score_jaccard(2200, w2v_sif, 30) ", 1.6622129249999489
648,"clust_any_ref(2200, top_tfidf, 30) ", 4.036951068000008
649,"clust_any_ref(2200, top_bow, 30) ", 4.0898586610001075
650,"clust_any_ref(2200, w2v_weighted, 30) ", 4.272340562999943
651,"clust_any_ref(2200, w2v_sif, 30) ", 4.274613100000124
652,"score_sas(2200, top_tfidf, 30) ", 0.0002721359999213746
653,"score_jaccard(2200, top_tfidf, 30) ", 1.6656772869998804
654,"score_sas(2200, top_bow, 30) ", 0.0002694299998893257
655,"score_jaccard(2200, top_bow, 30) ", 1.6796412689998306
656,"score_sas(2200, w2v_weighted, 30) ", 0.0002658230000633921
657,"score_jaccard(2200, w2v_weighted, 30) ", 1.6837920940001823
658,"score_sas(2200, w2v_sif, 30) ", 0.0002647169999363541
659,"score_jaccard(2200, w2v_sif, 30) ", 1.6912709389998781
660,"clust_any_ref(2200, top_tfidf, 30) ", 4.021917846999941
661,"clust_any_ref(2200, top_bow, 30) ", 4.068568015999972
662,"clust_any_ref(2200, w2v_weighted, 30) ", 4.286799047000159
663,"clust_any_ref(2200, w2v_sif, 30) ", 4.269655835999856
664,"score_sas(2200, top_tfidf, 30) ", 0.00026873299998442235
665,"score_jaccard(2200, top_tfidf, 30) ", 1.6717885749999368
666,"score_sas(2200, top_bow, 30) ", 0.0002866279999125254
667,"score_jaccard(2200, top_bow, 30) ", 1.6862799279999763
668,"score_sas(2200, w2v_weighted, 30) ", 0.00028035800005454803
669,"score_jaccard(2200, w2v_weighted, 30) ", 1.65616516099999
670,"score_sas(2200, w2v_sif, 30) ", 0.0002653270000791963
671,"score_jaccard(2200, w2v_sif, 30) ", 1.6580726180000056
672,"clust_any_ref(2200, top_tfidf, 30) ", 4.003236632999915
673,"clust_any_ref(2200, top_bow, 30) ", 4.060682445000111
674,"clust_any_ref(2200, w2v_weighted, 30) ", 4.186168628999894
675,"clust_any_ref(2200, w2v_sif, 30) ", 4.29366701899994
676,"score_sas(2200, top_tfidf, 30) ", 0.00026683999999477237
677,"score_jaccard(2200, top_tfidf, 30) ", 1.6652778470001977
678,"score_sas(2200, top_bow, 30) ", 0.0002684830001271621
679,"score_jaccard(2200, top_bow, 30) ", 1.6646258979999402
680,"score_sas(2200, w2v_weighted, 30) ", 0.00028609300011339656
681,"score_jaccard(2200, w2v_weighted, 30) ", 1.6630850169999576
682,"score_sas(2200, w2v_sif, 30) ", 0.00026425700002619124
683,"score_jaccard(2200, w2v_sif, 30) ", 1.654376604999925
684,"clust_any_ref(2200, top_tfidf, 30) ", 4.04219460499985
685,"clust_any_ref(2200, top_bow, 30) ", 4.075348249999934
686,"clust_any_ref(2200, w2v_weighted, 30) ", 4.263570594999919
687,"clust_any_ref(2200, w2v_sif, 30) ", 4.240121108999801
688,"score_sas(2200, top_tfidf, 30) ", 0.0002708009999423666
689,"score_jaccard(2200, top_tfidf, 30) ", 1.6777214909998293
690,"score_sas(2200, top_bow, 30) ", 0.0002809190000334638
691,"score_jaccard(2200, top_bow, 30) ", 1.662936942999977
692,"score_sas(2200, w2v_weighted, 30) ", 0.0002948139999716659
693,"score_jaccard(2200, w2v_weighted, 30) ", 1.6790034579998974
694,"score_sas(2200, w2v_sif, 30) ", 0.00026839600013772724
695,"score_jaccard(2200, w2v_sif, 30) ", 1.6754616880000412
696,"clust_any_ref(2200, top_tfidf, 30) ", 4.106400338999947
697,"clust_any_ref(2200, top_bow, 30) ", 4.007007095000063
698,"clust_any_ref(2200, w2v_weighted, 30) ", 4.251499169999988
699,"clust_any_ref(2200, w2v_sif, 30) ", 4.1749876210001275
700,"score_sas(2200, top_tfidf, 30) ", 0.0002684779999526654
701,"score_jaccard(2200, top_tfidf, 30) ", 1.6638385229998676
702,"score_sas(2200, top_bow, 30) ", 0.0002667119999841816
703,"score_jaccard(2200, top_bow, 30) ", 1.6691447420000713
704,"score_sas(2200, w2v_weighted, 30) ", 0.00028007099990645656
705,"score_jaccard(2200, w2v_weighted, 30) ", 1.6695933720000085
706,"score_sas(2200, w2v_sif, 30) ", 0.00026204400001006434
707,"score_jaccard(2200, w2v_sif, 30) ", 1.6615035719999014
708,"clust_any_ref(2200, top_tfidf, 30) ", 4.0034993159999885
709,"clust_any_ref(2200, top_bow, 30) ", 4.051507124999944
710,"clust_any_ref(2200, w2v_weighted, 30) ", 4.253416188000074
711,"clust_any_ref(2200, w2v_sif, 30) ", 4.268795879999971
712,"score_sas(2200, top_tfidf, 30) ", 0.00027914499992220954
713,"score_jaccard(2200, top_tfidf, 30) ", 1.6632768050001232
714,"score_sas(2200, top_bow, 30) ", 0.0002861840000605298
715,"score_jaccard(2200, top_bow, 30) ", 1.6590616080000018
716,"score_sas(2200, w2v_weighted, 30) ", 0.00026424799989399617
717,"score_jaccard(2200, w2v_weighted, 30) ", 1.6452496510000856
718,"score_sas(2200, w2v_sif, 30) ", 0.0002676619999419927
719,"score_jaccard(2200, w2v_sif, 30) ", 1.6550890230000732
720,"clust_any_ref(2200, top_tfidf, 30) ", 3.977379368000129
721,"clust_any_ref(2200, top_bow, 30) ", 4.016914487999884
722,"clust_any_ref(2200, w2v_weighted, 30) ", 4.272416427000053
723,"clust_any_ref(2200, w2v_sif, 30) ", 4.329411131999905
724,"score_sas(2200, top_tfidf, 30) ", 0.0002979859998504253
725,"score_jaccard(2200, top_tfidf, 30) ", 1.6920696219999627
726,"score_sas(2200, top_bow, 30) ", 0.00026933100002679566
727,"score_jaccard(2200, top_bow, 30) ", 1.657586125999842
728,"score_sas(2200, w2v_weighted, 30) ", 0.0002639860001636407
729,"score_jaccard(2200, w2v_weighted, 30) ", 1.6818004329998075
730,"score_sas(2200, w2v_sif, 30) ", 0.0002643509999415983
731,"score_jaccard(2200, w2v_sif, 30) ", 1.6734648669998933
732,"clust_any_ref(2200, top_tfidf, 30) ", 3.998784449999903
733,"clust_any_ref(2200, top_bow, 30) ", 4.105689916000074
734,"clust_any_ref(2200, w2v_weighted, 30) ", 4.1754351080001015
735,"clust_any_ref(2200, w2v_sif, 30) ", 4.231133285000169
736,"score_sas(2200, top_tfidf, 30) ", 0.00026977600009558955
737,"score_jaccard(2200, top_tfidf, 30) ", 1.6858875850000459
738,"score_sas(2200, top_bow, 30) ", 0.0002623450000101002
739,"score_jaccard(2200, top_bow, 30) ", 1.6518535239999892
740,"score_sas(2200, w2v_weighted, 30) ", 0.0002639489998728095
741,"score_jaccard(2200, w2v_weighted, 30) ", 1.6660942789999353
742,"score_sas(2200, w2v_sif, 30) ", 0.0002687599999262602
743,"score_jaccard(2200, w2v_sif, 30) ", 1.6773538630000075
744,"clust_any_ref(2200, top_tfidf, 30) ", 4.039554007000106
745,"clust_any_ref(2200, top_bow, 30) ", 4.043433047999997
746,"clust_any_ref(2200, w2v_weighted, 30) ", 4.31940237699996
747,"clust_any_ref(2200, w2v_sif, 30) ", 4.221479905000024
748,"score_sas(2200, top_tfidf, 30) ", 0.00027038200005335966
749,"score_jaccard(2200, top_tfidf, 30) ", 1.6608096900001783
750,"score_sas(2200, top_bow, 30) ", 0.00026453400005266303
751,"score_jaccard(2200, top_bow, 30) ", 1.651190245999942
752,"score_sas(2200, w2v_weighted, 30) ", 0.00027283100007480243
753,"score_jaccard(2200, w2v_weighted, 30) ", 1.6853337420000116
754,"score_sas(2200, w2v_sif, 30) ", 0.00026341400007368065
755,"score_jaccard(2200, w2v_sif, 30) ", 1.688502478999908
756,"clust_any_ref(2200, top_tfidf, 30) ", 3.9744389679999585
757,"clust_any_ref(2200, top_bow, 30) ", 4.070257287000004
758,"clust_any_ref(2200, w2v_weighted, 30) ", 4.13793041100007
759,"clust_any_ref(2200, w2v_sif, 30) ", 4.231771766000065
760,"score_sas(2200, top_tfidf, 30) ", 0.00028723200011882
761,"score_jaccard(2200, top_tfidf, 30) ", 1.6416552640000646
762,"score_sas(2200, top_bow, 30) ", 0.0002870789999178669
763,"score_jaccard(2200, top_bow, 30) ", 1.6749617329999182
764,"score_sas(2200, w2v_weighted, 30) ", 0.000266641000052914
765,"score_jaccard(2200, w2v_weighted, 30) ", 1.6724034719998144
766,"score_sas(2200, w2v_sif, 30) ", 0.0002610139999887906
767,"score_jaccard(2200, w2v_sif, 30) ", 1.6894996349999474
768,"clust_any_ref(2200, top_tfidf, 30) ", 4.048712372000182
769,"clust_any_ref(2200, top_bow, 30) ", 4.044669677000002
770,"clust_any_ref(2200, w2v_weighted, 30) ", 4.217711880000024
771,"clust_any_ref(2200, w2v_sif, 30) ", 4.101150612000083
772,"score_sas(2200, top_tfidf, 30) ", 0.0002719530000376835
773,"score_jaccard(2200, top_tfidf, 30) ", 1.6519494300000588
774,"score_sas(2200, top_bow, 30) ", 0.00026855200007958047
775,"score_jaccard(2200, top_bow, 30) ", 1.6411604289999104
776,"score_sas(2200, w2v_weighted, 30) ", 0.0002666709999630257
777,"score_jaccard(2200, w2v_weighted, 30) ", 1.635102943999982
778,"score_sas(2200, w2v_sif, 30) ", 0.0002649730001849093
779,"score_jaccard(2200, w2v_sif, 30) ", 1.64690848500004
780,"clust_any_ref(2200, top_tfidf, 30) ", 3.981881702999999
781,"clust_any_ref(2200, top_bow, 30) ", 4.045795899000041
782,"clust_any_ref(2200, w2v_weighted, 30) ", 4.165052396999954
783,"clust_any_ref(2200, w2v_sif, 30) ", 4.25825346900001
784,"score_sas(2200, top_tfidf, 30) ", 0.0002704769999581913
785,"score_jaccard(2200, top_tfidf, 30) ", 1.675573973000155
786,"score_sas(2200, top_bow, 30) ", 0.0002721309999742516
787,"score_jaccard(2200, top_bow, 30) ", 1.670690956000044
788,"score_sas(2200, w2v_weighted, 30) ", 0.0002676500000688975
789,"score_jaccard(2200, w2v_weighted, 30) ", 1.6910159710000698
790,"score_sas(2200, w2v_sif, 30) ", 0.0003039009998246911
791,"score_jaccard(2200, w2v_sif, 30) ", 1.7284732140001324
792,"clust_any_ref(2200, top_tfidf, 30) ", 4.004954086999987
793,"clust_any_ref(2200, top_bow, 30) ", 3.983367448000081
794,"clust_any_ref(2200, w2v_weighted, 30) ", 4.265400096999883
795,"clust_any_ref(2200, w2v_sif, 30) ", 4.23893169400003
796,"score_sas(2200, top_tfidf, 30) ", 0.00026730199988378445
797,"score_jaccard(2200, top_tfidf, 30) ", 1.6546659050000017
798,"score_sas(2200, top_bow, 30) ", 0.0002700110001114808
799,"score_jaccard(2200, top_bow, 30) ", 1.6706317059999947
800,"score_sas(2200, w2v_weighted, 30) ", 0.00027479900018079206
801,"score_jaccard(2200, w2v_weighted, 30) ", 1.6633001810000678
802,"score_sas(2200, w2v_sif, 30) ", 0.00026321499990444863
803,"score_jaccard(2200, w2v_sif, 30) ", 1.658346543999869
804,"clust_any_ref(2200, top_tfidf, 30) ", 4.002982316000043
805,"clust_any_ref(2200, top_bow, 30) ", 3.9994003109998175
806,"clust_any_ref(2200, w2v_weighted, 30) ", 4.338114520999852
807,"clust_any_ref(2200, w2v_sif, 30) ", 4.253078093000113
808,"score_sas(2200, top_tfidf, 30) ", 0.0002706289999423461
809,"score_jaccard(2200, top_tfidf, 30) ", 1.6674133720000555
810,"score_sas(2200, top_bow, 30) ", 0.0002781180000965833
811,"score_jaccard(2200, top_bow, 30) ", 1.6920537809999132
812,"score_sas(2200, w2v_weighted, 30) ", 0.00027000299996871036
813,"score_jaccard(2200, w2v_weighted, 30) ", 1.6549713809999957
814,"score_sas(2200, w2v_sif, 30) ", 0.0002638479998040566
815,"score_jaccard(2200, w2v_sif, 30) ", 1.6782024709998495
816,"clust_any_ref(2200, top_tfidf, 30) ", 3.9513672580001185
817,"clust_any_ref(2200, top_bow, 30) ", 4.025854827999865
818,"clust_any_ref(2200, w2v_weighted, 30) ", 4.2003152450001835
819,"clust_any_ref(2200, w2v_sif, 30) ", 4.171679209000104
820,"score_sas(2200, top_tfidf, 30) ", 0.00026867499991567456
821,"score_jaccard(2200, top_tfidf, 30) ", 1.6802404469999601
822,"score_sas(2200, top_bow, 30) ", 0.0002693889998681698
823,"score_jaccard(2200, top_bow, 30) ", 1.6905529260000094
824,"score_sas(2200, w2v_weighted, 30) ", 0.0002682679998997628
825,"score_jaccard(2200, w2v_weighted, 30) ", 1.6619347759999528
826,"score_sas(2200, w2v_sif, 30) ", 0.00026254399995195854
827,"score_jaccard(2200, w2v_sif, 30) ", 1.66291877499998
828,"clust_any_ref(2200, top_tfidf, 30) ", 3.994260451999935
829,"clust_any_ref(2200, top_bow, 30) ", 3.991536412999949
830,"clust_any_ref(2200, w2v_weighted, 30) ", 4.200809820000131
831,"clust_any_ref(2200, w2v_sif, 30) ", 4.19268900100019
832,"score_sas(2200, top_tfidf, 30) ", 0.0002703129998735676
833,"score_jaccard(2200, top_tfidf, 30) ", 1.6881900470000346
834,"score_sas(2200, top_bow, 30) ", 0.00026400800015835557
835,"score_jaccard(2200, top_bow, 30) ", 1.683252937000134
836,"score_sas(2200, w2v_weighted, 30) ", 0.0002653830001690949
837,"score_jaccard(2200, w2v_weighted, 30) ", 1.674785748999966
838,"score_sas(2200, w2v_sif, 30) ", 0.00026385199998912867
839,"score_jaccard(2200, w2v_sif, 30) ", 1.6859033770001588
840,"clust_any_ref(2200, top_tfidf, 30) ", 4.061595320000151
841,"clust_any_ref(2200, top_bow, 30) ", 2.0688943319999
842,"clust_any_ref(2200, w2v_weighted, 30) ", 2.2478243520001797
843,"clust_any_ref(2200, w2v_sif, 30) ", 2.291862811999863
844,"score_sas(2200, top_tfidf, 30) ", 0.012193182999908458
845,"score_jaccard(2200, top_tfidf, 30) ", 1.6344734279998647
846,"score_sas(2200, top_bow, 30) ", 0.0002667659998678573
847,"score_jaccard(2200, top_bow, 30) ", 1.6313039609999578
848,"score_sas(2200, w2v_weighted, 30) ", 0.0002736819999427098
849,"score_jaccard(2200, w2v_weighted, 30) ", 1.6420079419999638
850,"score_sas(2200, w2v_sif, 30) ", 0.0002643509999415983
851,"score_jaccard(2200, w2v_sif, 30) ", 1.6476016550000168
852,"clust_any_ref(2200, top_tfidf, 30) ", 2.036702774000105
853,"clust_any_ref(2200, top_bow, 30) ", 2.5700087310001436
854,"clust_any_ref(2200, w2v_weighted, 30) ", 4.223217035999824
855,"clust_any_ref(2200, w2v_sif, 30) ", 4.205528157999879
856,"score_sas(2200, top_tfidf, 30) ", 0.0002704290000110632
857,"score_jaccard(2200, top_tfidf, 30) ", 1.6749459530001332
858,"score_sas(2200, top_bow, 30) ", 0.0002648189999945316
859,"score_jaccard(2200, top_bow, 30) ", 1.7092686720000074
860,"score_sas(2200, w2v_weighted, 30) ", 0.00026921000016955077
861,"score_jaccard(2200, w2v_weighted, 30) ", 1.6854853260001619
862,"score_sas(2200, w2v_sif, 30) ", 0.0002653879998888442
863,"score_jaccard(2200, w2v_sif, 30) ", 1.685623860000078
864,"clust_any_ref(2200, top_tfidf, 30) ", 3.962011891999964
865,"clust_any_ref(2200, top_bow, 30) ", 3.9280085649998
866,"clust_any_ref(2200, w2v_weighted, 30) ", 4.3376769649999005
867,"clust_any_ref(2200, w2v_sif, 30) ", 4.221157100000028
868,"score_sas(2200, top_tfidf, 30) ", 0.0002702980000321986
869,"score_jaccard(2200, top_tfidf, 30) ", 1.6713795910000044
870,"score_sas(2200, top_bow, 30) ", 0.00026762500010590884
871,"score_jaccard(2200, top_bow, 30) ", 1.6707935869999346
872,"score_sas(2200, w2v_weighted, 30) ", 0.0002673789999789733
873,"score_jaccard(2200, w2v_weighted, 30) ", 1.6758777669999745
874,"score_sas(2200, w2v_sif, 30) ", 0.00026501399997869157
875,"score_jaccard(2200, w2v_sif, 30) ", 1.6795430059999035
876,"clust_any_ref(2200, top_tfidf, 30) ", 4.014360834000172
877,"clust_any_ref(2200, top_bow, 30) ", 4.0248066460001155
878,"clust_any_ref(2200, w2v_weighted, 30) ", 4.1978900149999845
879,"clust_any_ref(2200, w2v_sif, 30) ", 4.225844069000004
880,"score_sas(2200, top_tfidf, 30) ", 0.0002704030000586499
881,"score_jaccard(2200, top_tfidf, 30) ", 1.6888620280001305
882,"score_sas(2200, top_bow, 30) ", 0.00026790400011122983
883,"score_jaccard(2200, top_bow, 30) ", 1.6557784930000707
884,"score_sas(2200, w2v_weighted, 30) ", 0.0002638880000631616
885,"score_jaccard(2200, w2v_weighted, 30) ", 1.6802992509999513
886,"score_sas(2200, w2v_sif, 30) ", 0.00026630699994711904
887,"score_jaccard(2200, w2v_sif, 30) ", 1.6622953680000592
888,"clust_any_ref(2200, top_tfidf, 30) ", 3.9373001520000344
889,"clust_any_ref(2200, top_bow, 30) ", 3.9639698849998695
890,"clust_any_ref(2200, w2v_weighted, 30) ", 4.198800710000114
891,"clust_any_ref(2200, w2v_sif, 30) ", 4.281732336999994
892,"score_sas(2200, top_tfidf, 30) ", 0.00027360800004316843
893,"score_jaccard(2200, top_tfidf, 30) ", 1.668059957999958
894,"score_sas(2200, top_bow, 30) ", 0.0002694180000162305
895,"score_jaccard(2200, top_bow, 30) ", 1.6556906519999757
896,"score_sas(2200, w2v_weighted, 30) ", 0.00026341200009483146
897,"score_jaccard(2200, w2v_weighted, 30) ", 1.6572005299999546
898,"score_sas(2200, w2v_sif, 30) ", 0.00026502299988351297
899,"score_jaccard(2200, w2v_sif, 30) ", 1.6460891149999952
900,"clust_any_ref(2200, top_tfidf, 30) ", 2.091674985000054
901,"clust_any_ref(2200, top_bow, 30) ", 2.04792570099994
902,"clust_any_ref(2200, w2v_weighted, 30) ", 2.3022980779999216
903,"clust_any_ref(2200, w2v_sif, 30) ", 2.2504853969999203
904,"score_sas(2200, top_tfidf, 30) ", 0.012733518000004551
905,"score_jaccard(2200, top_tfidf, 30) ", 1.6231222330000037
906,"score_sas(2200, top_bow, 30) ", 0.00026480099995751516
907,"score_jaccard(2200, top_bow, 30) ", 1.6593630580000536
908,"score_sas(2200, w2v_weighted, 30) ", 0.00026668000009522075
909,"score_jaccard(2200, w2v_weighted, 30) ", 1.6675731789998736
910,"score_sas(2200, w2v_sif, 30) ", 0.00026414699982524326
911,"score_jaccard(2200, w2v_sif, 30) ", 1.6562626820000332
912,"clust_any_ref(2200, top_tfidf, 30) ", 2.046325822999961
913,"clust_any_ref(2200, top_bow, 30) ", 2.7888337219999357
914,"clust_any_ref(2200, w2v_weighted, 30) ", 2.2942399790001673
915,"clust_any_ref(2200, w2v_sif, 30) ", 4.7077437129999
916,"score_sas(2200, top_tfidf, 30) ", 0.0002688140000373096
917,"score_jaccard(2200, top_tfidf, 30) ", 1.639869243000021
918,"score_sas(2200, top_bow, 30) ", 0.0002796249998482381
919,"score_jaccard(2200, top_bow, 30) ", 1.645932084999913
920,"score_sas(2200, w2v_weighted, 30) ", 0.00026274400011061516
921,"score_jaccard(2200, w2v_weighted, 30) ", 1.6376365790001728
922,"score_sas(2200, w2v_sif, 30) ", 0.00026199399985671334
923,"score_jaccard(2200, w2v_sif, 30) ", 1.6342808790000163
924,"clust_any_ref(2200, top_tfidf, 30) ", 2.0505815770000027
925,"clust_any_ref(2200, top_bow, 30) ", 2.736390412999981
926,"clust_any_ref(2200, w2v_weighted, 30) ", 2.299057191999964
927,"clust_any_ref(2200, w2v_sif, 30) ", 2.1898928430000524
928,"score_sas(2200, top_tfidf, 30) ", 0.012529795999853377
929,"score_jaccard(2200, top_tfidf, 30) ", 1.6508155249998708
930,"score_sas(2200, top_bow, 30) ", 0.00026232300001538533
931,"score_jaccard(2200, top_bow, 30) ", 1.6354627769999297
932,"score_sas(2200, w2v_weighted, 30) ", 0.0002722019999055192
933,"score_jaccard(2200, w2v_weighted, 30) ", 1.652684304000104
934,"score_sas(2200, w2v_sif, 30) ", 0.00026303999993615435
935,"score_jaccard(2200, w2v_sif, 30) ", 1.6341970220000803
936,"clust_any_ref(2200, top_tfidf, 30) ", 2.0760805970001
937,"clust_any_ref(2200, top_bow, 30) ", 2.128530873000045
938,"clust_any_ref(2200, w2v_weighted, 30) ", 2.2966447530000096
939,"clust_any_ref(2200, w2v_sif, 30) ", 2.28641996500005
940,"score_sas(2200, top_tfidf, 30) ", 0.012295902000005299
941,"score_jaccard(2200, top_tfidf, 30) ", 1.632878068999844
942,"score_sas(2200, top_bow, 30) ", 0.00026573800005280646
943,"score_jaccard(2200, top_bow, 30) ", 1.631461975000093
944,"score_sas(2200, w2v_weighted, 30) ", 0.00026804500021171407
945,"score_jaccard(2200, w2v_weighted, 30) ", 1.647687471000154
946,"score_sas(2200, w2v_sif, 30) ", 0.00026708099994721124
947,"score_jaccard(2200, w2v_sif, 30) ", 1.6447529269998995
948,"clust_any_ref(2200, top_tfidf, 30) ", 2.0034454470001037
949,"clust_any_ref(2200, top_bow, 30) ", 2.7801716579997446
950,"clust_any_ref(2200, w2v_weighted, 30) ", 2.3159043470000142
951,"clust_any_ref(2200, w2v_sif, 30) ", 2.2464792939999825
952,"score_sas(2200, top_tfidf, 30) ", 0.012252704999809794
953,"score_jaccard(2200, top_tfidf, 30) ", 1.6375039009999455
954,"score_sas(2200, top_bow, 30) ", 0.0002819279998220736
955,"score_jaccard(2200, top_bow, 30) ", 1.6592859090001184
956,"score_sas(2200, w2v_weighted, 30) ", 0.00026554799978839583
957,"score_jaccard(2200, w2v_weighted, 30) ", 1.6286627269996643
958,"score_sas(2200, w2v_sif, 30) ", 0.0002611490003801009
959,"score_jaccard(2200, w2v_sif, 30) ", 1.6391219719998844
960,"clust_any_ref(2200, top_tfidf, 30) ", 2.007486212999993
961,"clust_any_ref(2200, top_bow, 30) ", 2.079066695000165
962,"clust_any_ref(2200, w2v_weighted, 30) ", 2.172296241999902
963,"clust_any_ref(2200, w2v_sif, 30) ", 2.312825280999732
964,"score_sas(2200, top_tfidf, 30) ", 0.012337209999714105
965,"score_jaccard(2200, top_tfidf, 30) ", 1.6399601789998997
966,"score_sas(2200, top_bow, 30) ", 0.0002676559997780714
967,"score_jaccard(2200, top_bow, 30) ", 1.63620673000014
968,"score_sas(2200, w2v_weighted, 30) ", 0.0002758480000011332
969,"score_jaccard(2200, w2v_weighted, 30) ", 1.6227707590001046
970,"score_sas(2200, w2v_sif, 30) ", 0.0002646679999998014
971,"score_jaccard(2200, w2v_sif, 30) ", 1.6352464860001419
972,"clust_any_ref(2200, top_tfidf, 30) ", 2.0542358979996607
973,"clust_any_ref(2200, top_bow, 30) ", 2.7437876289995984
974,"clust_any_ref(2200, w2v_weighted, 30) ", 2.258496728999944
975,"clust_any_ref(2200, w2v_sif, 30) ", 2.2933460949998334
976,"score_sas(2200, top_tfidf, 30) ", 0.012748050000027433
977,"score_jaccard(2200, top_tfidf, 30) ", 1.6371199079999315
978,"score_sas(2200, top_bow, 30) ", 0.00026302000014766236
979,"score_jaccard(2200, top_bow, 30) ", 1.6270533599999908
980,"score_sas(2200, w2v_weighted, 30) ", 0.0002664379999259836
981,"score_jaccard(2200, w2v_weighted, 30) ", 1.6314774869997564
982,"score_sas(2200, w2v_sif, 30) ", 0.00026840900000024703
983,"score_jaccard(2200, w2v_sif, 30) ", 1.6295939030001136
984,"clust_any_ref(2200, top_tfidf, 30) ", 2.0513333969997802
985,"clust_any_ref(2200, top_bow, 30) ", 2.8159022770000774
986,"clust_any_ref(2200, w2v_weighted, 30) ", 2.268626137999945
987,"clust_any_ref(2200, w2v_sif, 30) ", 2.2821075759998166
988,"score_sas(2200, top_tfidf, 30) ", 0.012007038999854558
989,"score_jaccard(2200, top_tfidf, 30) ", 1.6203870599997572
990,"score_sas(2200, top_bow, 30) ", 0.0002649109997037158
991,"score_jaccard(2200, top_bow, 30) ", 1.6335291899999902
992,"score_sas(2200, w2v_weighted, 30) ", 0.00028051600020262413
993,"score_jaccard(2200, w2v_weighted, 30) ", 1.6501619220002794
994,"score_sas(2200, w2v_sif, 30) ", 0.0002648270001373021
995,"score_jaccard(2200, w2v_sif, 30) ", 1.6382206050002424
996,"clust_any_ref(2200, top_tfidf, 30) ", 4.010667707000266
997,"clust_any_ref(2200, top_bow, 30) ", 4.032042805999936
998,"clust_any_ref(2200, w2v_weighted, 30) ", 4.203508058999887
999,"clust_any_ref(2200, w2v_sif, 30) ", 4.146998194999924
1000,"score_sas(2200, top_tfidf, 30) ", 0.00027331499995852937
1001,"score_jaccard(2200, top_tfidf, 30) ", 1.641734323000037
1002,"score_sas(2200, top_bow, 30) ", 0.00026150499979848973
1003,"score_jaccard(2200, top_bow, 30) ", 1.6362191139996867
1004,"score_sas(2200, w2v_weighted, 30) ", 0.0002669959999366256
1005,"score_jaccard(2200, w2v_weighted, 30) ", 1.6399309120001817
1006,"score_sas(2200, w2v_sif, 30) ", 0.00026519999983065645
1007,"score_jaccard(2200, w2v_sif, 30) ", 1.6568295510001008
1008,"clust_any_ref(2200, top_tfidf, 30) ", 4.064908400999684
1009,"clust_any_ref(2200, top_bow, 30) ", 3.9666759490000914
1010,"clust_any_ref(2200, w2v_weighted, 30) ", 4.226918208999905
1011,"clust_any_ref(2200, w2v_sif, 30) ", 4.192915029999767
1012,"score_sas(2200, top_tfidf, 30) ", 0.0002693239998734498
1013,"score_jaccard(2200, top_tfidf, 30) ", 1.64818201900016
1014,"score_sas(2200, top_bow, 30) ", 0.00027436600021246704
1015,"score_jaccard(2200, top_bow, 30) ", 1.6411189400000694
1016,"score_sas(2200, w2v_weighted, 30) ", 0.0002644380001584068
1017,"score_jaccard(2200, w2v_weighted, 30) ", 1.6461205310001787
1018,"score_sas(2200, w2v_sif, 30) ", 0.0002656040001056681
1019,"score_jaccard(2200, w2v_sif, 30) ", 1.6433239869998033
1020,"clust_any_ref(2200, top_tfidf, 30) ", 3.9533136359996206
1021,"clust_any_ref(2200, top_bow, 30) ", 4.066360981000344
1022,"clust_any_ref(2200, w2v_weighted, 30) ", 4.23897324499967
1023,"clust_any_ref(2200, w2v_sif, 30) ", 4.19062443599978
1024,"score_sas(2200, top_tfidf, 30) ", 0.0002706230002331722
1025,"score_jaccard(2200, top_tfidf, 30) ", 1.6519100460000118
1026,"score_sas(2200, top_bow, 30) ", 0.00026418500010549906
1027,"score_jaccard(2200, top_bow, 30) ", 1.6445754650003437
1028,"score_sas(2200, w2v_weighted, 30) ", 0.0002674489996934426
1029,"score_jaccard(2200, w2v_weighted, 30) ", 1.6390433589999702
1030,"score_sas(2200, w2v_sif, 30) ", 0.0002617469999677269
1031,"score_jaccard(2200, w2v_sif, 30) ", 1.6731479310001305
1032,"clust_any_ref(2200, top_tfidf, 30) ", 4.00522915800002
1033,"clust_any_ref(2200, top_bow, 30) ", 4.02181131999987
1034,"clust_any_ref(2200, w2v_weighted, 30) ", 4.247949519000031
1035,"clust_any_ref(2200, w2v_sif, 30) ", 4.213992164000047
1036,"score_sas(2200, top_tfidf, 30) ", 0.0002744039998106018
1037,"score_jaccard(2200, top_tfidf, 30) ", 1.6426109469998664
1038,"score_sas(2200, top_bow, 30) ", 0.00026882000020123087
1039,"score_jaccard(2200, top_bow, 30) ", 1.6805524309997963
1040,"score_sas(2200, w2v_weighted, 30) ", 0.00026877100026467815
1041,"score_jaccard(2200, w2v_weighted, 30) ", 1.6724157889998423
1042,"score_sas(2200, w2v_sif, 30) ", 0.0002667779999683262
1043,"score_jaccard(2200, w2v_sif, 30) ", 1.6956880620000447
1044,"clust_any_ref(2200, top_tfidf, 30) ", 4.078820494999945
1045,"clust_any_ref(2200, top_bow, 30) ", 4.052052497999739
1046,"clust_any_ref(2200, w2v_weighted, 30) ", 4.305694107999898
1047,"clust_any_ref(2200, w2v_sif, 30) ", 4.2810654810000415
1048,"score_sas(2200, top_tfidf, 30) ", 0.00027419200023359735
1049,"score_jaccard(2200, top_tfidf, 30) ", 1.6731678860001011
1050,"score_sas(2200, top_bow, 30) ", 0.00026418000015837606
1051,"score_jaccard(2200, top_bow, 30) ", 1.66123633899997
1052,"score_sas(2200, w2v_weighted, 30) ", 0.0002678040000319015
1053,"score_jaccard(2200, w2v_weighted, 30) ", 1.7002484849999746
1054,"score_sas(2200, w2v_sif, 30) ", 0.0002622219999466324
1055,"score_jaccard(2200, w2v_sif, 30) ", 1.6736165449997316
1056,"clust_any_ref(2200, top_tfidf, 30) ", 4.0339015529998505
1057,"clust_any_ref(2200, top_bow, 30) ", 4.000907716000256
1058,"clust_any_ref(2200, w2v_weighted, 30) ", 4.266438102999928
1059,"clust_any_ref(2200, w2v_sif, 30) ", 4.277433912000106
1060,"score_sas(2200, top_tfidf, 30) ", 0.00027409799986344296
1061,"score_jaccard(2200, top_tfidf, 30) ", 1.676465110999743
1062,"score_sas(2200, top_bow, 30) ", 0.00026576599975669524
1063,"score_jaccard(2200, top_bow, 30) ", 1.6701308179999614
1064,"score_sas(2200, w2v_weighted, 30) ", 0.00026667400015867315
1065,"score_jaccard(2200, w2v_weighted, 30) ", 1.686839430999953
1066,"score_sas(2200, w2v_sif, 30) ", 0.00026474800006326404
1067,"score_jaccard(2200, w2v_sif, 30) ", 1.6846235570001227
1068,"clust_any_ref(2200, top_tfidf, 30) ", 4.052067889999762
1069,"clust_any_ref(2200, top_bow, 30) ", 4.08923753199997
1070,"clust_any_ref(2200, w2v_weighted, 30) ", 4.238627340999756
1071,"clust_any_ref(2200, w2v_sif, 30) ", 4.3045519319998675
1072,"score_sas(2200, top_tfidf, 30) ", 0.0002725780000218947
1073,"score_jaccard(2200, top_tfidf, 30) ", 1.656882706000033
1074,"score_sas(2200, top_bow, 30) ", 0.00026158400032727513
1075,"score_jaccard(2200, top_bow, 30) ", 1.6863720189999185
1076,"score_sas(2200, w2v_weighted, 30) ", 0.00026230499997836887
1077,"score_jaccard(2200, w2v_weighted, 30) ", 1.6643778279999424
1078,"score_sas(2200, w2v_sif, 30) ", 0.0002624079997985973
1079,"score_jaccard(2200, w2v_sif, 30) ", 1.6860289930000363
1080,"clust_any_ref(2200, top_tfidf, 30) ", 3.961832865999895
1081,"clust_any_ref(2200, top_bow, 30) ", 4.049317577000238
1082,"clust_any_ref(2200, w2v_weighted, 30) ", 4.270069116999821
1083,"clust_any_ref(2200, w2v_sif, 30) ", 4.295346735000294
1084,"score_sas(2200, top_tfidf, 30) ", 0.000270203000127367
1085,"score_jaccard(2200, top_tfidf, 30) ", 1.633380462000332
1086,"score_sas(2200, top_bow, 30) ", 0.0002641609999045613
1087,"score_jaccard(2200, top_bow, 30) ", 1.6643320439998206
1088,"score_sas(2200, w2v_weighted, 30) ", 0.0002640659999997297
1089,"score_jaccard(2200, w2v_weighted, 30) ", 1.6642667340001935
1090,"score_sas(2200, w2v_sif, 30) ", 0.0002623840000524069
1091,"score_jaccard(2200, w2v_sif, 30) ", 1.6676230130001386
1092,"clust_any_ref(2200, top_tfidf, 30) ", 3.961745087000054
1093,"clust_any_ref(2200, top_bow, 30) ", 3.982747288000155
1094,"clust_any_ref(2200, w2v_weighted, 30) ", 2.361578897000072
1095,"clust_any_ref(2200, w2v_sif, 30) ", 2.2365150780001386
1096,"score_sas(2200, top_tfidf, 30) ", 0.01254297300010876
1097,"score_jaccard(2200, top_tfidf, 30) ", 1.6291380659999959
1098,"score_sas(2200, top_bow, 30) ", 0.0002916980001828051
1099,"score_jaccard(2200, top_bow, 30) ", 1.6618902850000268
1100,"score_sas(2200, w2v_weighted, 30) ", 0.00026779500012708013
1101,"score_jaccard(2200, w2v_weighted, 30) ", 1.6497995959998661
1102,"score_sas(2200, w2v_sif, 30) ", 0.0002621859998725995
1103,"score_jaccard(2200, w2v_sif, 30) ", 1.6470955859999776
1104,"clust_any_ref(2200, top_tfidf, 30) ", 4.081774775000213
1105,"clust_any_ref(2200, top_bow, 30) ", 4.041482272999929
1106,"clust_any_ref(2200, w2v_weighted, 30) ", 4.19212816199979
1107,"clust_any_ref(2200, w2v_sif, 30) ", 4.42020710099996
1108,"score_sas(2200, top_tfidf, 30) ", 0.0002676259996405861
1109,"score_jaccard(2200, top_tfidf, 30) ", 1.656163075999757
1110,"score_sas(2200, top_bow, 30) ", 0.00026786199987327564
1111,"score_jaccard(2200, top_bow, 30) ", 1.6696253980003348
1112,"score_sas(2200, w2v_weighted, 30) ", 0.00028725800029860693
1113,"score_jaccard(2200, w2v_weighted, 30) ", 1.6735827610000342
1114,"score_sas(2200, w2v_sif, 30) ", 0.000265989000126865
1115,"score_jaccard(2200, w2v_sif, 30) ", 1.6534739929998068
1116,"clust_any_ref(2200, top_tfidf, 30) ", 4.116061723000257
1117,"clust_any_ref(2200, top_bow, 30) ", 4.021044605000043
1118,"clust_any_ref(2200, w2v_weighted, 30) ", 4.204271105999851
1119,"clust_any_ref(2200, w2v_sif, 30) ", 4.217370888000005
1120,"score_sas(2200, top_tfidf, 30) ", 0.00027173899979970884
1121,"score_jaccard(2200, top_tfidf, 30) ", 1.6370107550001194
1122,"score_sas(2200, top_bow, 30) ", 0.00026164700011577224
1123,"score_jaccard(2200, top_bow, 30) ", 1.6730870789997425
1124,"score_sas(2200, w2v_weighted, 30) ", 0.00026554399983069743
1125,"score_jaccard(2200, w2v_weighted, 30) ", 1.6831357779997234
1126,"score_sas(2200, w2v_sif, 30) ", 0.0002662399997461762
1127,"score_jaccard(2200, w2v_sif, 30) ", 1.682165482000073
1128,"clust_any_ref(2200, top_tfidf, 30) ", 4.077310478000072
1129,"clust_any_ref(2200, top_bow, 30) ", 4.1365542300000016
1130,"clust_any_ref(2200, w2v_weighted, 30) ", 4.272786237999753
1131,"clust_any_ref(2200, w2v_sif, 30) ", 4.311400082000091
1132,"score_sas(2200, top_tfidf, 30) ", 0.000272632999894995
1133,"score_jaccard(2200, top_tfidf, 30) ", 1.669126576999588
1134,"score_sas(2200, top_bow, 30) ", 0.0002640719999362773
1135,"score_jaccard(2200, top_bow, 30) ", 1.6645851419998507
1136,"score_sas(2200, w2v_weighted, 30) ", 0.00028274199985389714
1137,"score_jaccard(2200, w2v_weighted, 30) ", 1.7063948189997973
1138,"score_sas(2200, w2v_sif, 30) ", 0.00026201300033790176
1139,"score_jaccard(2200, w2v_sif, 30) ", 1.676132072999735
1140,"clust_any_ref(2200, top_tfidf, 30) ", 3.96236286400017
1141,"clust_any_ref(2200, top_bow, 30) ", 3.9656537360001494
1142,"clust_any_ref(2200, w2v_weighted, 30) ", 4.23927797100032
1143,"clust_any_ref(2200, w2v_sif, 30) ", 4.21626593100018
1144,"score_sas(2200, top_tfidf, 30) ", 0.0002697380000427074
1145,"score_jaccard(2200, top_tfidf, 30) ", 1.6786542539998663
1146,"score_sas(2200, top_bow, 30) ", 0.0002616600004330394
1147,"score_jaccard(2200, top_bow, 30) ", 1.6744009459998779
1148,"score_sas(2200, w2v_weighted, 30) ", 0.0002627539997774875
1149,"score_jaccard(2200, w2v_weighted, 30) ", 1.6852225480001835
1150,"score_sas(2200, w2v_sif, 30) ", 0.00026282899989382713
1151,"score_jaccard(2200, w2v_sif, 30) ", 1.7062033120000706
1152,"clust_any_ref(2200, top_tfidf, 30) ", 3.992239192999932
1153,"clust_any_ref(2200, top_bow, 30) ", 2.1716791750000084
1154,"clust_any_ref(2200, w2v_weighted, 30) ", 2.286658679000084
1155,"clust_any_ref(2200, w2v_sif, 30) ", 2.265679911999996
1156,"score_sas(2200, top_tfidf, 30) ", 0.033770849000120506
1157,"score_jaccard(2200, top_tfidf, 30) ", 1.6930794209997657
1158,"score_sas(2200, top_bow, 30) ", 0.00026938700011669425
1159,"score_jaccard(2200, top_bow, 30) ", 1.6692395309996755
1160,"score_sas(2200, w2v_weighted, 30) ", 0.0002657820000422362
1161,"score_jaccard(2200, w2v_weighted, 30) ", 1.6734595140001147
1162,"score_sas(2200, w2v_sif, 30) ", 0.0002670429998943291
1163,"score_jaccard(2200, w2v_sif, 30) ", 1.6758035900002142
1164,"clust_any_ref(2200, top_tfidf, 30) ", 3.929680902999735
1165,"clust_any_ref(2200, top_bow, 30) ", 4.060301816999981
1166,"clust_any_ref(2200, w2v_weighted, 30) ", 3.429879527000139
1167,"clust_any_ref(2200, w2v_sif, 30) ", 2.1814192530000582
1168,"score_sas(2200, top_tfidf, 30) ", 0.011992367999937414
1169,"score_jaccard(2200, top_tfidf, 30) ", 1.6703005439999288
1170,"score_sas(2200, top_bow, 30) ", 0.0002647259998411755
1171,"score_jaccard(2200, top_bow, 30) ", 1.6716164830004345
1172,"score_sas(2200, w2v_weighted, 30) ", 0.0002690310002435581
1173,"score_jaccard(2200, w2v_weighted, 30) ", 1.6716242510001393
1174,"score_sas(2200, w2v_sif, 30) ", 0.0002638190003381169
1175,"score_jaccard(2200, w2v_sif, 30) ", 1.6514473610000096
1176,"clust_any_ref(2200, top_tfidf, 30) ", 2.0830690739999227
1177,"clust_any_ref(2200, top_bow, 30) ", 2.1611079210001662
1178,"clust_any_ref(2200, w2v_weighted, 30) ", 2.233051365999927
1179,"clust_any_ref(2200, w2v_sif, 30) ", 2.2724555169997984
1180,"score_sas(2200, top_tfidf, 30) ", 0.012231012000029295
1181,"score_jaccard(2200, top_tfidf, 30) ", 1.66316072599966
1182,"score_sas(2200, top_bow, 30) ", 0.00026725399993665633
1183,"score_jaccard(2200, top_bow, 30) ", 1.6684784499998386
1184,"score_sas(2200, w2v_weighted, 30) ", 0.00026352600025347783
1185,"score_jaccard(2200, w2v_weighted, 30) ", 1.630549536000217
1186,"score_sas(2200, w2v_sif, 30) ", 0.0002631130000736448
1187,"score_jaccard(2200, w2v_sif, 30) ", 1.643885167999997
1188,"clust_any_ref(2200, top_tfidf, 30) ", 1.956782014000055
1189,"clust_any_ref(2200, top_bow, 30) ", 1.9767803169997933
1190,"clust_any_ref(2200, w2v_weighted, 30) ", 2.2346308159999353
1191,"clust_any_ref(2200, w2v_sif, 30) ", 2.177428971000154
1192,"score_sas(2200, top_tfidf, 30) ", 0.012076977000106126
1193,"score_jaccard(2200, top_tfidf, 30) ", 1.6380236320001131
1194,"score_sas(2200, top_bow, 30) ", 0.00026373300033810665
1195,"score_jaccard(2200, top_bow, 30) ", 1.6502325960000235
1196,"score_sas(2200, w2v_weighted, 30) ", 0.0002673450003385369
1197,"score_jaccard(2200, w2v_weighted, 30) ", 1.6581338350001715
1198,"score_sas(2200, w2v_sif, 30) ", 0.0002605909999147116
1199,"score_jaccard(2200, w2v_sif, 30) ", 1.6487586830003238
1200,"clust_any_bert(2200, bert, 30) ", 0.017980629000248882
1201,"score_sas(2200, bert, 30) ", 0.00026286399997843546
1202,"score_jaccard(2200, bert, 30) ", 2.0283944420002626
1203,"clust_any_bert(2200, bert, 30) ", 0.018074458000228333
1204,"score_sas(2200, bert, 30) ", 0.00026188399988313904
1205,"score_jaccard(2200, bert, 30) ", 1.6195911309996518
1206,"clust_any_bert(2200, bert, 30) ", 0.017588015999990603
1207,"score_sas(2200, bert, 30) ", 0.0002617449999888777
1208,"score_jaccard(2200, bert, 30) ", 1.617606424999849
1209,"clust_any_bert(2200, bert, 30) ", 0.018021820999820193
1210,"score_sas(2200, bert, 30) ", 0.00026243699994665803
1211,"score_jaccard(2200, bert, 30) ", 1.629186091000065
1212,"clust_any_bert(2200, bert, 30) ", 0.01896970899997541
1213,"score_sas(2200, bert, 30) ", 0.00026441199997861986
1214,"score_jaccard(2200, bert, 30) ", 1.628548445999968
1215,"clust_any_bert(2200, bert, 30) ", 0.01777663200027746
1216,"score_sas(2200, bert, 30) ", 0.00027254699989498476
1217,"score_jaccard(2200, bert, 30) ", 1.6405537489999915
1218,"clust_any_bert(2200, bert, 30) ", 0.01740526999992653
1219,"score_sas(2200, bert, 30) ", 0.0002665410002009594
1220,"score_jaccard(2200, bert, 30) ", 1.6252467489998708
1221,"clust_any_bert(2200, bert, 30) ", 0.01778745000001436
1222,"score_sas(2200, bert, 30) ", 0.00026309799977752846
1223,"score_jaccard(2200, bert, 30) ", 1.6462596490000578
1224,"clust_any_bert(2200, bert, 30) ", 0.017988546000196948
1225,"score_sas(2200, bert, 30) ", 0.0002661049998096132
1226,"score_jaccard(2200, bert, 30) ", 1.6072420199998305
1227,"clust_any_bert(2200, bert, 30) ", 0.017753979000190157
1228,"score_sas(2200, bert, 30) ", 0.0002607910000733682
1229,"score_jaccard(2200, bert, 30) ", 1.6110229840001011
1230,"clust_any_bert(2200, bert, 30) ", 0.017996056999891152
1231,"score_sas(2200, bert, 30) ", 0.00026511800024309196
1232,"score_jaccard(2200, bert, 30) ", 1.6489619369999673
1233,"clust_any_bert(2200, bert, 30) ", 0.017947619000096893
1234,"score_sas(2200, bert, 30) ", 0.0002655900002537237
1235,"score_jaccard(2200, bert, 30) ", 2.034311190999688
1236,"clust_any_bert(2200, bert, 30) ", 0.01778835599998274
1237,"score_sas(2200, bert, 30) ", 0.00026769899977807654
1238,"score_jaccard(2200, bert, 30) ", 2.0246578050000608
1239,"clust_any_bert(2200, bert, 30) ", 0.017521590999876935
1240,"score_sas(2200, bert, 30) ", 0.00026598599970384385
1241,"score_jaccard(2200, bert, 30) ", 1.6480331489997297
1242,"clust_any_bert(2200, bert, 30) ", 0.017388674999892828
1243,"score_sas(2200, bert, 30) ", 0.0002752340001279663
1244,"score_jaccard(2200, bert, 30) ", 1.64783596999996
1245,"clust_any_bert(2200, bert, 30) ", 0.017969291000099474
1246,"score_sas(2200, bert, 30) ", 0.0002623390000735526
1247,"score_jaccard(2200, bert, 30) ", 1.6652635670002383
1248,"clust_any_bert(2200, bert, 30) ", 0.01768182000023444
1249,"score_sas(2200, bert, 30) ", 0.0002632329997140914
1250,"score_jaccard(2200, bert, 30) ", 1.6378575459998501
1251,"clust_any_bert(2200, bert, 30) ", 0.017621559999952296
1252,"score_sas(2200, bert, 30) ", 0.0002633959998092905
1253,"score_jaccard(2200, bert, 30) ", 1.664943409999978
1254,"clust_any_bert(2200, bert, 30) ", 0.018244023000079324
1255,"score_sas(2200, bert, 30) ", 0.0002644470000632282
1256,"score_jaccard(2200, bert, 30) ", 1.63697925400038
1257,"clust_any_bert(2200, bert, 30) ", 0.017684202999589616
1258,"score_sas(2200, bert, 30) ", 0.000261551000221516
1259,"score_jaccard(2200, bert, 30) ", 1.6421897540003556
1260,"clust_any_bert(2200, bert, 30) ", 0.017572150999967562
1261,"score_sas(2200, bert, 30) ", 0.00026380999997854815
1262,"score_jaccard(2200, bert, 30) ", 1.648431802000232
1263,"clust_any_bert(2200, bert, 30) ", 0.017754395000338263
1264,"score_sas(2200, bert, 30) ", 0.0002911709998443257
1265,"score_jaccard(2200, bert, 30) ", 1.647669106000194
1266,"clust_any_bert(2200, bert, 30) ", 0.017732843000430876
1267,"score_sas(2200, bert, 30) ", 0.00026014800005214056
1268,"score_jaccard(2200, bert, 30) ", 1.6600789009999062
1269,"clust_any_bert(2200, bert, 30) ", 0.017587655000170344
1270,"score_sas(2200, bert, 30) ", 0.0002619080000840768
1271,"score_jaccard(2200, bert, 30) ", 1.6493004240001028
1272,"clust_any_bert(2200, bert, 30) ", 0.017768637999779457
1273,"score_sas(2200, bert, 30) ", 0.00026243699994665803
1274,"score_jaccard(2200, bert, 30) ", 1.6686944570001288
1275,"clust_any_bert(2200, bert, 30) ", 0.01758970799983217
1276,"score_sas(2200, bert, 30) ", 0.0002625289998832159
1277,"score_jaccard(2200, bert, 30) ", 1.6569033800001307
1278,"clust_any_bert(2200, bert, 30) ", 0.01779448700017383
1279,"score_sas(2200, bert, 30) ", 0.0002629270002216799
1280,"score_jaccard(2200, bert, 30) ", 1.9988482520002435
1281,"clust_any_bert(2200, bert, 30) ", 0.017530656999952043
1282,"score_sas(2200, bert, 30) ", 0.00026347899984102696
1283,"score_jaccard(2200, bert, 30) ", 1.6836271130000569
1284,"clust_any_bert(2200, bert, 30) ", 0.01795670900037294
1285,"score_sas(2200, bert, 30) ", 0.00026574200001050485
1286,"score_jaccard(2200, bert, 30) ", 1.6976267479999478
1287,"clust_any_bert(2200, bert, 30) ", 0.01772171900029207
1288,"score_sas(2200, bert, 30) ", 0.0002645029999257531
1289,"score_jaccard(2200, bert, 30) ", 1.660359736999908
1290,"clust_any_bert(2200, bert, 30) ", 0.017432007999559573
1291,"score_sas(2200, bert, 30) ", 0.00026214399986201897
1292,"score_jaccard(2200, bert, 30) ", 1.6634935549996044
1293,"clust_any_bert(2200, bert, 30) ", 0.01837994900006379
1294,"score_sas(2200, bert, 30) ", 0.00026017499976660474
1295,"score_jaccard(2200, bert, 30) ", 1.6451819620001515
1296,"clust_any_bert(2200, bert, 30) ", 0.01792333800040069
1297,"score_sas(2200, bert, 30) ", 0.00026647499998944113
1298,"score_jaccard(2200, bert, 30) ", 1.6442392590001873
1299,"clust_any_bert(2200, bert, 30) ", 0.017451944000185904
1300,"score_sas(2200, bert, 30) ", 0.0002654949998941447
1301,"score_jaccard(2200, bert, 30) ", 1.6491079140000693
1302,"clust_any_bert(2200, bert, 30) ", 0.017548802999954205
1303,"score_sas(2200, bert, 30) ", 0.0002766160000646778
1304,"score_jaccard(2200, bert, 30) ", 1.6443082609998783
1305,"clust_any_bert(2200, bert, 30) ", 0.017907196000123804
1306,"score_sas(2200, bert, 30) ", 0.00026007800033767126
1307,"score_jaccard(2200, bert, 30) ", 1.6601931380000678
1308,"clust_any_bert(2200, bert, 30) ", 0.017656878000252618
1309,"score_sas(2200, bert, 30) ", 0.0002619920001052378
1310,"score_jaccard(2200, bert, 30) ", 1.6408253829999921
1311,"clust_any_bert(2200, bert, 30) ", 0.017951650000213704
1312,"score_sas(2200, bert, 30) ", 0.0002629089999572898
1313,"score_jaccard(2200, bert, 30) ", 1.6405390380000426
1314,"clust_any_bert(2200, bert, 30) ", 0.01789168499999505
1315,"score_sas(2200, bert, 30) ", 0.0002600709999569517
1316,"score_jaccard(2200, bert, 30) ", 1.9974726719997307
1317,"clust_any_bert(2200, bert, 30) ", 0.017580962000010913
1318,"score_sas(2200, bert, 30) ", 0.00026215099978799117
1319,"score_jaccard(2200, bert, 30) ", 2.0150845260000096
1320,"clust_any_bert(2200, bert, 30) ", 0.01774341300006199
1321,"score_sas(2200, bert, 30) ", 0.00026305699975637253
1322,"score_jaccard(2200, bert, 30) ", 1.6652104200002213
1323,"clust_any_bert(2200, bert, 30) ", 0.017855849999705242
1324,"score_sas(2200, bert, 30) ", 0.0002647469996190921
1325,"score_jaccard(2200, bert, 30) ", 1.663416621000124
1326,"clust_any_bert(2200, bert, 30) ", 0.01769293799998195
1327,"score_sas(2200, bert, 30) ", 0.0002614930003801419
1328,"score_jaccard(2200, bert, 30) ", 1.669888785999774
1329,"clust_any_bert(2200, bert, 30) ", 0.017781618000299204
1330,"score_sas(2200, bert, 30) ", 0.0002613970000311383
1331,"score_jaccard(2200, bert, 30) ", 1.635286726999766
1332,"clust_any_bert(2200, bert, 30) ", 0.017688765000002604
1333,"score_sas(2200, bert, 30) ", 0.0002648290001161513
1334,"score_jaccard(2200, bert, 30) ", 1.651638943999842
1335,"clust_any_bert(2200, bert, 30) ", 0.017532101000142575
1336,"score_sas(2200, bert, 30) ", 0.00026086200023200945
1337,"score_jaccard(2200, bert, 30) ", 1.639101569000104
1338,"clust_any_bert(2200, bert, 30) ", 0.01754028200002722
1339,"score_sas(2200, bert, 30) ", 0.0002653790002113965
1340,"score_jaccard(2200, bert, 30) ", 1.6511220729998968
1341,"clust_any_bert(2200, bert, 30) ", 0.01803543300002275
1342,"score_sas(2200, bert, 30) ", 0.0002643870002430049
1343,"score_jaccard(2200, bert, 30) ", 1.6545208429997729
1344,"clust_any_bert(2200, bert, 30) ", 0.01761604300008912
1345,"score_sas(2200, bert, 30) ", 0.0002630380004120525
1346,"score_jaccard(2200, bert, 30) ", 1.6350884520002182
1347,"clust_any_bert(2200, bert, 30) ", 0.01762737900025968
1348,"score_sas(2200, bert, 30) ", 0.000260250999872369
1349,"score_jaccard(2200, bert, 30) ", 1.6531146219999755
1350,"clust_any_bert(2200, bert, 30) ", 0.017431794999993144
1351,"score_sas(2200, bert, 30) ", 0.0002617340001052071
1352,"score_jaccard(2200, bert, 30) ", 1.6585289639997427
1353,"clust_any_bert(2200, bert, 30) ", 0.018155610999656346
1354,"score_sas(2200, bert, 30) ", 0.0002623340001264296
1355,"score_jaccard(2200, bert, 30) ", 1.6620819530003246
1356,"clust_any_bert(2200, bert, 30) ", 0.01763197800028138
1357,"score_sas(2200, bert, 30) ", 0.00026247699997838936
1358,"score_jaccard(2200, bert, 30) ", 1.6582117100001597
1359,"clust_any_bert(2200, bert, 30) ", 0.017606690999855346
1360,"score_sas(2200, bert, 30) ", 0.0002668269999048789
1361,"score_jaccard(2200, bert, 30) ", 2.029054205999728
1362,"clust_any_bert(2200, bert, 30) ", 0.01784992400007468
1363,"score_sas(2200, bert, 30) ", 0.0002888300000449817
1364,"score_jaccard(2200, bert, 30) ", 1.6577771669999493
1365,"clust_any_bert(2200, bert, 30) ", 0.017889195999941876
1366,"score_sas(2200, bert, 30) ", 0.0002612939997561625
1367,"score_jaccard(2200, bert, 30) ", 1.688679926000077
1368,"clust_any_bert(2200, bert, 30) ", 0.017481048999798077
1369,"score_sas(2200, bert, 30) ", 0.00031565099970976007
1370,"score_jaccard(2200, bert, 30) ", 1.6656238460000168
1371,"clust_any_bert(2200, bert, 30) ", 0.01747371600004044
1372,"score_sas(2200, bert, 30) ", 0.0002617519999148499
1373,"score_jaccard(2200, bert, 30) ", 1.6587644439996438
1374,"clust_any_bert(2200, bert, 30) ", 0.018052542000077665
1375,"score_sas(2200, bert, 30) ", 0.0003086599999733153
1376,"score_jaccard(2200, bert, 30) ", 1.6675443429999177
1377,"clust_any_bert(2200, bert, 30) ", 0.017498629999863624
1378,"score_sas(2200, bert, 30) ", 0.0002608870004223718
1379,"score_jaccard(2200, bert, 30) ", 1.6631283820001954
1380,"clust_any_bert(2200, bert, 30) ", 0.017613003000406025
1381,"score_sas(2200, bert, 30) ", 0.0002637170000525657
1382,"score_jaccard(2200, bert, 30) ", 1.6353562059998694
1383,"clust_any_bert(2200, bert, 30) ", 0.017659445999925083
1384,"score_sas(2200, bert, 30) ", 0.00026000999969255645
1385,"score_jaccard(2200, bert, 30) ", 1.6622638600001665
1386,"clust_any_bert(2200, bert, 30) ", 0.017627756999900157
1387,"score_sas(2200, bert, 30) ", 0.0002617640002426924
1388,"score_jaccard(2200, bert, 30) ", 1.6484003410000696
1389,"clust_any_bert(2200, bert, 30) ", 0.017668165000031877
1390,"score_sas(2200, bert, 30) ", 0.0002619609999783279
1391,"score_jaccard(2200, bert, 30) ", 1.6407334210002773
1392,"clust_any_bert(2200, bert, 30) ", 0.017632237000270834
1393,"score_sas(2200, bert, 30) ", 0.0002610289998301596
1394,"score_jaccard(2200, bert, 30) ", 1.6696121899999525
1395,"clust_any_bert(2200, bert, 30) ", 0.017495489999873826
1396,"score_sas(2200, bert, 30) ", 0.00026280000020051375
1397,"score_jaccard(2200, bert, 30) ", 1.658534659000452
1398,"clust_any_bert(2200, bert, 30) ", 0.01777604099970631
1399,"score_sas(2200, bert, 30) ", 0.0002647040000738343
1400,"score_jaccard(2200, bert, 30) ", 1.6379447330000403
1401,"clust_any_bert(2200, bert, 30) ", 0.01755000699995435
1402,"score_sas(2200, bert, 30) ", 0.0002658859998518892
1403,"score_jaccard(2200, bert, 30) ", 1.6886613820001912
1404,"clust_any_bert(2200, bert, 30) ", 0.018343157999879622
1405,"score_sas(2200, bert, 30) ", 0.0002625600000101258
1406,"score_jaccard(2200, bert, 30) ", 1.6537072040000567
1407,"clust_any_bert(2200, bert, 30) ", 0.017129107000073418
1408,"score_sas(2200, bert, 30) ", 0.000260983000316628
1409,"score_jaccard(2200, bert, 30) ", 1.6634402149998095
1410,"clust_any_bert(2200, bert, 30) ", 0.01751158500019301
1411,"score_sas(2200, bert, 30) ", 0.000265106999904674
1412,"score_jaccard(2200, bert, 30) ", 1.6665988390000166
1413,"clust_any_bert(2200, bert, 30) ", 0.018697090999921784
1414,"score_sas(2200, bert, 30) ", 0.0002608739996503573
1415,"score_jaccard(2200, bert, 30) ", 1.6604068769997866
1416,"clust_any_bert(2200, bert, 30) ", 0.01781850099996518
1417,"score_sas(2200, bert, 30) ", 0.00026267499970344943
1418,"score_jaccard(2200, bert, 30) ", 1.6862178559999847
1419,"clust_any_bert(2200, bert, 30) ", 0.017809712000143918
1420,"score_sas(2200, bert, 30) ", 0.0002621690000523813
1421,"score_jaccard(2200, bert, 30) ", 1.6573613939999632
1422,"clust_any_bert(2200, bert, 30) ", 0.01754284699973141
1423,"score_sas(2200, bert, 30) ", 0.0002726359998632688
1424,"score_jaccard(2200, bert, 30) ", 1.656740839000122
1425,"clust_any_bert(2200, bert, 30) ", 0.01805040400040525
1426,"score_sas(2200, bert, 30) ", 0.00025893900010487414
1427,"score_jaccard(2200, bert, 30) ", 1.6436257340001248
1428,"clust_any_bert(2200, bert, 30) ", 0.017493837000074564
1429,"score_sas(2200, bert, 30) ", 0.00027072100010627764
1430,"score_jaccard(2200, bert, 30) ", 1.65133689600043
1431,"clust_any_bert(2200, bert, 30) ", 0.017368176000218227
1432,"score_sas(2200, bert, 30) ", 0.0002631309998832876
1433,"score_jaccard(2200, bert, 30) ", 1.6680167710001115
1434,"clust_any_bert(2200, bert, 30) ", 0.017984730000080162
1435,"score_sas(2200, bert, 30) ", 0.00026207800010524807
1436,"score_jaccard(2200, bert, 30) ", 1.6483043330003966
1437,"clust_any_bert(2200, bert, 30) ", 0.017427380999833986
1438,"score_sas(2200, bert, 30) ", 0.00026474600008441485
1439,"score_jaccard(2200, bert, 30) ", 1.6350929569998698
1440,"clust_any_bert(2200, bert, 30) ", 0.017545132000122976
1441,"score_sas(2200, bert, 30) ", 0.0002593149997665023
1442,"score_jaccard(2200, bert, 30) ", 1.6415746369998487
1443,"clust_any_bert(2200, bert, 30) ", 0.018042322000383137
1444,"score_sas(2200, bert, 30) ", 0.0002644999999574793
1445,"score_jaccard(2200, bert, 30) ", 2.0009920870002134
1446,"clust_any_bert(2200, bert, 30) ", 0.017484892000084074
1447,"score_sas(2200, bert, 30) ", 0.00026226799991491134
1448,"score_jaccard(2200, bert, 30) ", 1.6803217470001073
1449,"clust_any_bert(2200, bert, 30) ", 0.017958729999918432
1450,"score_sas(2200, bert, 30) ", 0.00026098999978785287
1451,"score_jaccard(2200, bert, 30) ", 1.6450935910002045
1452,"clust_any_bert(2200, bert, 30) ", 0.017635896000228968
1453,"score_sas(2200, bert, 30) ", 0.0002611859999888111
1454,"score_jaccard(2200, bert, 30) ", 1.6480814689998624
1455,"clust_any_bert(2200, bert, 30) ", 0.017566067000188923
1456,"score_sas(2200, bert, 30) ", 0.00026325599992560456
1457,"score_jaccard(2200, bert, 30) ", 1.661838113000158
1458,"clust_any_bert(2200, bert, 30) ", 0.017858119999800692
1459,"score_sas(2200, bert, 30) ", 0.0002635460000419698
1460,"score_jaccard(2200, bert, 30) ", 1.6495173169996633
1461,"clust_any_bert(2200, bert, 30) ", 0.017858436000096845
1462,"score_sas(2200, bert, 30) ", 0.00026303200002075755
1463,"score_jaccard(2200, bert, 30) ", 1.6545848679998016
1464,"clust_any_bert(2200, bert, 30) ", 0.018203235000328277
1465,"score_sas(2200, bert, 30) ", 0.0002635919995555014
1466,"score_jaccard(2200, bert, 30) ", 1.6589489020002475
1467,"clust_any_bert(2200, bert, 30) ", 0.017411442000138777
1468,"score_sas(2200, bert, 30) ", 0.00026362100015830947
1469,"score_jaccard(2200, bert, 30) ", 1.6647298740003862
1470,"clust_any_bert(2200, bert, 30) ", 0.01758662500014907
1471,"score_sas(2200, bert, 30) ", 0.0002627989997563418
1472,"score_jaccard(2200, bert, 30) ", 1.6458999789997506
1473,"clust_any_bert(2200, bert, 30) ", 0.018186128999786888
1474,"score_sas(2200, bert, 30) ", 0.0002646970001478621
1475,"score_jaccard(2200, bert, 30) ", 1.6551375009998992
1476,"clust_any_bert(2200, bert, 30) ", 0.017593307999959507
1477,"score_sas(2200, bert, 30) ", 0.000259021000147186
1478,"score_jaccard(2200, bert, 30) ", 1.6645403859997714
1479,"clust_any_bert(2200, bert, 30) ", 0.017603950999728113
1480,"score_sas(2200, bert, 30) ", 0.0002615130001686339
1481,"score_jaccard(2200, bert, 30) ", 1.647184711999671
1482,"clust_any_bert(2200, bert, 30) ", 0.01888829000017722
1483,"score_sas(2200, bert, 30) ", 0.00027349499987394665
1484,"score_jaccard(2200, bert, 30) ", 1.668576208000104
1485,"clust_any_bert(2200, bert, 30) ", 0.017782426999929157
1486,"score_sas(2200, bert, 30) ", 0.00026305399978809874
1487,"score_jaccard(2200, bert, 30) ", 1.6639314200001536
1488,"clust_any_bert(2200, bert, 30) ", 0.017623676000312116
1489,"score_sas(2200, bert, 30) ", 0.0002611760000945651
1490,"score_jaccard(2200, bert, 30) ", 1.6606242210000346
1491,"clust_any_bert(2200, bert, 30) ", 0.017668806000074255
1492,"score_sas(2200, bert, 30) ", 0.0002618339999571617
1493,"score_jaccard(2200, bert, 30) ", 1.6531893930000479
1494,"clust_any_bert(2200, bert, 30) ", 0.017963616000088223
1495,"score_sas(2200, bert, 30) ", 0.0002601760002107767
1496,"score_jaccard(2200, bert, 30) ", 1.6507180319999861
1497,"clust_any_bert(2200, bert, 30) ", 0.01768244400000185
1498,"score_sas(2200, bert, 30) ", 0.0002643279999574588
1499,"score_jaccard(2200, bert, 30) ", 1.6459463409996715
1500,score_loop(2200_30) , 2776.95220397
